Type,Block,Trial,ObjectiveValue,Uncertainty,Response,Fishing,Feedback,RT,Zgain,Zloss,run_id,sub_id,ll,v_gain,v_loss,u,p_fish,p_defer,p_safe,SubjectiveValue
1.0,1.0,1.0,4.0,4.0,1.0,0.0,2.0,1.093173e+00,5.0,1.0,1.0,Sub111,-0.3711323376861704,1.0,-0.9999999999999999,0.39999999999859975,0.6899526287814013,3.167123755337675e-05,0.3100156999810452,0.39999999999859975
1.0,1.0,2.0,-4.0,2.0,1.0,2.0,3.0,7.439823e-01,2.0,6.0,1.0,Sub111,-0.4996759268497608,1.0,-0.9999999999999999,-0.4000000000005998,0.2726201275824908,0.12065262055086717,0.6067272518666421,-0.4000000000005998
1.0,1.0,3.0,-2.0,6.0,1.0,1.0,3.0,1.244448e+00,1.0,3.0,1.0,Sub111,-0.25678365928559505,1.0,-0.9999999999999999,-0.20000000000079982,0.09088298118178693,0.7735355428957125,0.13558147592250058,-0.20000000000079982
1.0,1.0,4.0,-4.0,2.0,1.0,0.0,2.0,1.081249e+00,2.0,6.0,1.0,Sub111,-1.2996759268493405,1.0,-0.9999999999999999,-0.4000000000005998,0.2726201275824908,0.12065262055086717,0.6067272518666421,-0.4000000000005998
1.0,1.0,5.0,3.0,3.0,1.0,0.0,2.0,1.116569e+00,5.0,2.0,1.0,Sub111,-0.4388387576488356,1.0,-0.9999999999999999,0.29999999999870003,0.6447847378544684,0.0013498952343488635,0.35386536691118264,0.29999999999870003
1.0,1.0,6.0,-3.0,5.0,1.0,1.0,3.0,1.259775e+00,1.0,4.0,1.0,Sub111,-0.8427225492526962,1.0,-0.9999999999999999,-0.3000000000007,0.20178570481441827,0.43053676879255554,0.3676775263930262,-0.3000000000007
1.0,1.0,7.0,-1.0,5.0,1.0,0.0,2.0,1.492619e+00,2.0,3.0,1.0,Sub111,-2.446328053444743,1.0,-0.9999999999999999,-0.10000000000089976,0.08661103440524755,0.8076020092848768,0.10578695630987565,-0.10000000000089976
1.0,1.0,8.0,4.0,2.0,1.0,0.0,2.0,6.545905e-01,6.0,2.0,1.0,Sub111,-0.3711323376861704,1.0,-0.9999999999999999,0.39999999999859975,0.6899526287814013,3.167123755337675e-05,0.3100156999810452,0.39999999999859975
1.0,1.0,9.0,-2.0,2.0,0.0,998.0,4.0,?,3.0,5.0,1.0,Sub111,,,,,,,,
1.0,1.0,10.0,-1.0,5.0,1.0,1.0,3.0,8.967270e-01,2.0,3.0,1.0,Sub111,-0.213685904574934,1.0,-0.9999999999999999,-0.10000000000089976,0.08661103440524755,0.8076020092848768,0.10578695630987565,-0.10000000000089976
1.0,1.0,11.0,2.0,8.0,1.0,0.0,2.0,7.517183e-01,2.0,0.0,1.0,Sub111,-0.5360274576346118,1.0,-0.9999999999999999,0.19999999999879986,0.585067848790942,0.022749443872678576,0.3921827073363795,0.19999999999879986
1.0,1.0,12.0,1.0,1.0,1.0,0.0,1.0,7.927615e-01,5.0,4.0,1.0,Sub111,-0.7708160092806303,1.0,-0.9999999999999999,0.09999999999890014,0.46263539946103255,0.15859077153690798,0.3787738290020595,0.09999999999890014
1.0,1.0,13.0,-4.0,4.0,1.0,1.0,3.0,1.140981e+00,1.0,5.0,1.0,Sub111,-2.114839766866272,1.0,-0.9999999999999999,-0.4000000000005998,0.2726201275824908,0.12065262055086717,0.6067272518666421,-0.4000000000005998
1.0,1.0,14.0,-4.0,2.0,1.0,2.0,3.0,1.028746e+00,2.0,6.0,1.0,Sub111,-0.4996759268497608,1.0,-0.9999999999999999,-0.4000000000005998,0.2726201275824908,0.12065262055086717,0.6067272518666421,-0.4000000000005998
1.0,1.0,15.0,4.0,2.0,1.0,0.0,2.0,5.747248e-01,6.0,2.0,1.0,Sub111,-0.3711323376861704,1.0,-0.9999999999999999,0.39999999999859975,0.6899526287814013,3.167123755337675e-05,0.3100156999810452,0.39999999999859975
1.0,1.0,16.0,4.0,2.0,1.0,0.0,2.0,5.140669e-01,6.0,2.0,1.0,Sub111,-0.3711323376861704,1.0,-0.9999999999999999,0.39999999999859975,0.6899526287814013,3.167123755337675e-05,0.3100156999810452,0.39999999999859975
1.0,1.0,17.0,4.0,6.0,1.0,0.0,2.0,5.285185e-01,4.0,0.0,1.0,Sub111,-0.3711323376861704,1.0,-0.9999999999999999,0.39999999999859975,0.6899526287814013,3.167123755337675e-05,0.3100156999810452,0.39999999999859975
1.0,1.0,18.0,2.0,4.0,1.0,0.0,2.0,5.758813e-01,4.0,2.0,1.0,Sub111,-0.5360274576346118,1.0,-0.9999999999999999,0.19999999999879986,0.585067848790942,0.022749443872678576,0.3921827073363795,0.19999999999879986
1.0,1.0,19.0,-2.0,4.0,1.0,1.0,3.0,8.277347e-01,2.0,4.0,1.0,Sub111,-0.25678365928559505,1.0,-0.9999999999999999,-0.20000000000079982,0.09088298118178693,0.7735355428957125,0.13558147592250058,-0.20000000000079982
1.0,1.0,20.0,3.0,7.0,1.0,0.0,1.0,6.266397e-01,3.0,0.0,1.0,Sub111,-0.4388387576488356,1.0,-0.9999999999999999,0.29999999999870003,0.6447847378544684,0.0013498952343488635,0.35386536691118264,0.29999999999870003
1.0,4.0,61.0,-1.0,3.0,1.0,2.0,3.0,1.108878e+00,3.0,4.0,1.0,Sub111,-2.2463280534449366,1.0,-0.9999999999999999,-0.10000000000089976,0.08661103440524755,0.8076020092848768,0.10578695630987565,-0.10000000000089976
1.0,4.0,62.0,3.0,1.0,1.0,0.0,1.0,5.675992e-01,6.0,3.0,1.0,Sub111,-0.4388387576488356,1.0,-0.9999999999999999,0.29999999999870003,0.6447847378544684,0.0013498952343488635,0.35386536691118264,0.29999999999870003
1.0,4.0,63.0,-1.0,1.0,1.0,1.0,2.0,8.514418e-01,4.0,5.0,1.0,Sub111,-0.213685904574934,1.0,-0.9999999999999999,-0.10000000000089976,0.08661103440524755,0.8076020092848768,0.10578695630987565,-0.10000000000089976
1.0,4.0,64.0,4.0,2.0,1.0,0.0,2.0,6.862377e-01,6.0,2.0,1.0,Sub111,-0.3711323376861704,1.0,-0.9999999999999999,0.39999999999859975,0.6899526287814013,3.167123755337675e-05,0.3100156999810452,0.39999999999859975
1.0,4.0,65.0,3.0,5.0,1.0,0.0,2.0,7.342228e-01,4.0,1.0,1.0,Sub111,-0.4388387576488356,1.0,-0.9999999999999999,0.29999999999870003,0.6447847378544684,0.0013498952343488635,0.35386536691118264,0.29999999999870003
1.0,4.0,66.0,-4.0,4.0,1.0,2.0,3.0,8.832921e-01,1.0,5.0,1.0,Sub111,-0.4996759268497608,1.0,-0.9999999999999999,-0.4000000000005998,0.2726201275824908,0.12065262055086717,0.6067272518666421,-0.4000000000005998
1.0,4.0,67.0,-3.0,3.0,1.0,2.0,3.0,5.522536e-01,2.0,5.0,1.0,Sub111,-1.000549011949832,1.0,-0.9999999999999999,-0.3000000000007,0.20178570481441827,0.43053676879255554,0.3676775263930262,-0.3000000000007
1.0,4.0,68.0,-3.0,3.0,1.0,2.0,3.0,6.577895e-01,2.0,5.0,1.0,Sub111,-1.000549011949832,1.0,-0.9999999999999999,-0.3000000000007,0.20178570481441827,0.43053676879255554,0.3676775263930262,-0.3000000000007
1.0,4.0,69.0,1.0,9.0,1.0,1.0,1.0,8.726256e-01,1.0,0.0,1.0,Sub111,-1.8414281584988599,1.0,-0.9999999999999999,0.09999999999890014,0.46263539946103255,0.15859077153690798,0.3787738290020595,0.09999999999890014
1.0,4.0,70.0,1.0,9.0,1.0,1.0,3.0,1.282452e+00,1.0,0.0,1.0,Sub111,-1.8414281584988599,1.0,-0.9999999999999999,0.09999999999890014,0.46263539946103255,0.15859077153690798,0.3787738290020595,0.09999999999890014
1.0,4.0,71.0,4.0,2.0,1.0,0.0,2.0,5.437328e-01,6.0,2.0,1.0,Sub111,-0.3711323376861704,1.0,-0.9999999999999999,0.39999999999859975,0.6899526287814013,3.167123755337675e-05,0.3100156999810452,0.39999999999859975
1.0,4.0,72.0,-3.0,5.0,1.0,2.0,3.0,6.497785e-01,1.0,4.0,1.0,Sub111,-1.000549011949832,1.0,-0.9999999999999999,-0.3000000000007,0.20178570481441827,0.43053676879255554,0.3676775263930262,-0.3000000000007
1.0,4.0,73.0,2.0,6.0,1.0,0.0,2.0,6.068209e-01,3.0,1.0,1.0,Sub111,-0.5360274576346118,1.0,-0.9999999999999999,0.19999999999879986,0.585067848790942,0.022749443872678576,0.3921827073363795,0.19999999999879986
1.0,4.0,74.0,-2.0,4.0,1.0,1.0,3.0,7.736612e-01,2.0,4.0,1.0,Sub111,-0.25678365928559505,1.0,-0.9999999999999999,-0.20000000000079982,0.09088298118178693,0.7735355428957125,0.13558147592250058,-0.20000000000079982
1.0,4.0,75.0,3.0,7.0,1.0,0.0,1.0,6.075869e-01,3.0,0.0,1.0,Sub111,-0.4388387576488356,1.0,-0.9999999999999999,0.29999999999870003,0.6447847378544684,0.0013498952343488635,0.35386536691118264,0.29999999999870003
1.0,4.0,76.0,2.0,6.0,1.0,0.0,2.0,7.439440e-01,3.0,1.0,1.0,Sub111,-0.5360274576346118,1.0,-0.9999999999999999,0.19999999999879986,0.585067848790942,0.022749443872678576,0.3921827073363795,0.19999999999879986
1.0,4.0,77.0,-4.0,4.0,1.0,2.0,3.0,7.157691e-01,1.0,5.0,1.0,Sub111,-0.4996759268497608,1.0,-0.9999999999999999,-0.4000000000005998,0.2726201275824908,0.12065262055086717,0.6067272518666421,-0.4000000000005998
1.0,4.0,78.0,2.0,8.0,1.0,1.0,3.0,8.061251e-01,2.0,0.0,1.0,Sub111,-3.783214578996994,1.0,-0.9999999999999999,0.19999999999879986,0.585067848790942,0.022749443872678576,0.3921827073363795,0.19999999999879986
1.0,4.0,79.0,-2.0,6.0,1.0,2.0,3.0,8.921576e-01,1.0,3.0,1.0,Sub111,-1.998182521041368,1.0,-0.9999999999999999,-0.20000000000079982,0.09088298118178693,0.7735355428957125,0.13558147592250058,-0.20000000000079982
1.0,4.0,80.0,4.0,4.0,1.0,0.0,1.0,6.532854e-01,5.0,1.0,1.0,Sub111,-0.3711323376861704,1.0,-0.9999999999999999,0.39999999999859975,0.6899526287814013,3.167123755337675e-05,0.3100156999810452,0.39999999999859975
,,,,,,,,,,,,,,,,,,,,
,,,,,,,,,,,,,,,,,,,,
,,,,,,,,,,,,,,,,,,,,
,,,,,,,,,,,,,,,,,,,,
,,,,,,,,,,,,,,,,,,,,
,,,,,,,,,,,,,,,,,,,,
,,,,,,,,,,,,,,,,,,,,
,,,,,,,,,,,,,,,,,,,,
,,,,,,,,,,,,,,,,,,,,
,,,,,,,,,,,,,,,,,,,,
,,,,,,,,,,,,,,,,,,,,
,,,,,,,,,,,,,,,,,,,,
,,,,,,,,,,,,,,,,,,,,
,,,,,,,,,,,,,,,,,,,,
,,,,,,,,,,,,,,,,,,,,
,,,,,,,,,,,,,,,,,,,,
,,,,,,,,,,,,,,,,,,,,
,,,,,,,,,,,,,,,,,,,,
,,,,,,,,,,,,,,,,,,,,
,,,,,,,,,,,,,,,,,,,,
1.0,2.0,21.0,-1.0,5.0,1.0,1.0,2.0,0.8200084,2.0,3.0,2.0,Sub111,-0.213685904574934,1.0,-0.9999999999999999,-0.10000000000089976,0.08661103440524755,0.8076020092848768,0.10578695630987565,-0.10000000000089976
1.0,2.0,22.0,-1.0,5.0,1.0,1.0,3.0,0.7209986,2.0,3.0,2.0,Sub111,-0.213685904574934,1.0,-0.9999999999999999,-0.10000000000089976,0.08661103440524755,0.8076020092848768,0.10578695630987565,-0.10000000000089976
1.0,2.0,23.0,-3.0,5.0,1.0,2.0,3.0,0.8567042,1.0,4.0,2.0,Sub111,-1.000549011949832,1.0,-0.9999999999999999,-0.3000000000007,0.20178570481441827,0.43053676879255554,0.3676775263930262,-0.3000000000007
1.0,2.0,24.0,4.0,2.0,1.0,0.0,2.0,0.7352378,6.0,2.0,2.0,Sub111,-0.3711323376861704,1.0,-0.9999999999999999,0.39999999999859975,0.6899526287814013,3.167123755337675e-05,0.3100156999810452,0.39999999999859975
1.0,2.0,25.0,4.0,6.0,1.0,0.0,2.0,0.5454495,4.0,0.0,2.0,Sub111,-0.3711323376861704,1.0,-0.9999999999999999,0.39999999999859975,0.6899526287814013,3.167123755337675e-05,0.3100156999810452,0.39999999999859975
1.0,2.0,26.0,1.0,7.0,1.0,1.0,2.0,0.8589725,2.0,1.0,2.0,Sub111,-1.8414281584988599,1.0,-0.9999999999999999,0.09999999999890014,0.46263539946103255,0.15859077153690798,0.3787738290020595,0.09999999999890014
1.0,2.0,27.0,-1.0,5.0,1.0,1.0,3.0,0.5727877,2.0,3.0,2.0,Sub111,-0.213685904574934,1.0,-0.9999999999999999,-0.10000000000089976,0.08661103440524755,0.8076020092848768,0.10578695630987565,-0.10000000000089976
1.0,2.0,28.0,4.0,2.0,1.0,0.0,2.0,0.6732209,6.0,2.0,2.0,Sub111,-0.3711323376861704,1.0,-0.9999999999999999,0.39999999999859975,0.6899526287814013,3.167123755337675e-05,0.3100156999810452,0.39999999999859975
1.0,2.0,29.0,-2.0,2.0,1.0,2.0,3.0,0.7298587,3.0,5.0,2.0,Sub111,-1.998182521041368,1.0,-0.9999999999999999,-0.20000000000079982,0.09088298118178693,0.7735355428957125,0.13558147592250058,-0.20000000000079982
1.0,2.0,30.0,3.0,1.0,1.0,0.0,2.0,0.6973439,6.0,3.0,2.0,Sub111,-0.4388387576488356,1.0,-0.9999999999999999,0.29999999999870003,0.6447847378544684,0.0013498952343488635,0.35386536691118264,0.29999999999870003
1.0,2.0,31.0,-4.0,4.0,1.0,2.0,3.0,0.7472586,1.0,5.0,2.0,Sub111,-0.4996759268497608,1.0,-0.9999999999999999,-0.4000000000005998,0.2726201275824908,0.12065262055086717,0.6067272518666421,-0.4000000000005998
1.0,2.0,32.0,3.0,1.0,1.0,0.0,2.0,0.6363847,6.0,3.0,2.0,Sub111,-0.4388387576488356,1.0,-0.9999999999999999,0.29999999999870003,0.6447847378544684,0.0013498952343488635,0.35386536691118264,0.29999999999870003
1.0,2.0,33.0,2.0,8.0,1.0,0.0,2.0,0.8862383,2.0,0.0,2.0,Sub111,-0.5360274576346118,1.0,-0.9999999999999999,0.19999999999879986,0.585067848790942,0.022749443872678576,0.3921827073363795,0.19999999999879986
1.0,2.0,34.0,-3.0,5.0,1.0,2.0,3.0,0.6957498,1.0,4.0,2.0,Sub111,-1.000549011949832,1.0,-0.9999999999999999,-0.3000000000007,0.20178570481441827,0.43053676879255554,0.3676775263930262,-0.3000000000007
1.0,2.0,35.0,4.0,4.0,1.0,0.0,2.0,0.7817202,5.0,1.0,2.0,Sub111,-0.3711323376861704,1.0,-0.9999999999999999,0.39999999999859975,0.6899526287814013,3.167123755337675e-05,0.3100156999810452,0.39999999999859975
1.0,2.0,36.0,2.0,8.0,1.0,0.0,2.0,0.701479,2.0,0.0,2.0,Sub111,-0.5360274576346118,1.0,-0.9999999999999999,0.19999999999879986,0.585067848790942,0.022749443872678576,0.3921827073363795,0.19999999999879986
1.0,2.0,37.0,-4.0,2.0,1.0,2.0,3.0,0.5578635,2.0,6.0,2.0,Sub111,-0.4996759268497608,1.0,-0.9999999999999999,-0.4000000000005998,0.2726201275824908,0.12065262055086717,0.6067272518666421,-0.4000000000005998
1.0,2.0,38.0,1.0,3.0,1.0,0.0,1.0,0.9017777,4.0,3.0,2.0,Sub111,-0.7708160092806303,1.0,-0.9999999999999999,0.09999999999890014,0.46263539946103255,0.15859077153690798,0.3787738290020595,0.09999999999890014
1.0,2.0,39.0,4.0,4.0,1.0,0.0,1.0,0.638863,5.0,1.0,2.0,Sub111,-0.3711323376861704,1.0,-0.9999999999999999,0.39999999999859975,0.6899526287814013,3.167123755337675e-05,0.3100156999810452,0.39999999999859975
1.0,2.0,40.0,4.0,2.0,1.0,0.0,2.0,0.5910324,6.0,2.0,2.0,Sub111,-0.3711323376861704,1.0,-0.9999999999999999,0.39999999999859975,0.6899526287814013,3.167123755337675e-05,0.3100156999810452,0.39999999999859975
1.0,3.0,41.0,-3.0,1.0,1.0,2.0,3.0,0.6681615,3.0,6.0,2.0,Sub111,-1.000549011949832,1.0,-0.9999999999999999,-0.3000000000007,0.20178570481441827,0.43053676879255554,0.3676775263930262,-0.3000000000007
1.0,3.0,42.0,-1.0,7.0,1.0,1.0,3.0,0.8354301,1.0,2.0,2.0,Sub111,-0.213685904574934,1.0,-0.9999999999999999,-0.10000000000089976,0.08661103440524755,0.8076020092848768,0.10578695630987565,-0.10000000000089976
1.0,3.0,43.0,-3.0,5.0,1.0,2.0,3.0,0.701069,1.0,4.0,2.0,Sub111,-1.000549011949832,1.0,-0.9999999999999999,-0.3000000000007,0.20178570481441827,0.43053676879255554,0.3676775263930262,-0.3000000000007
1.0,3.0,44.0,2.0,2.0,1.0,0.0,2.0,0.7524892,5.0,3.0,2.0,Sub111,-0.5360274576346118,1.0,-0.9999999999999999,0.19999999999879986,0.585067848790942,0.022749443872678576,0.3921827073363795,0.19999999999879986
1.0,3.0,45.0,2.0,4.0,1.0,0.0,1.0,0.6323057,4.0,2.0,2.0,Sub111,-0.5360274576346118,1.0,-0.9999999999999999,0.19999999999879986,0.585067848790942,0.022749443872678576,0.3921827073363795,0.19999999999879986
1.0,3.0,46.0,-3.0,1.0,1.0,2.0,3.0,0.7275164,3.0,6.0,2.0,Sub111,-1.000549011949832,1.0,-0.9999999999999999,-0.3000000000007,0.20178570481441827,0.43053676879255554,0.3676775263930262,-0.3000000000007
1.0,3.0,47.0,-2.0,4.0,1.0,2.0,3.0,1.176064,2.0,4.0,2.0,Sub111,-1.998182521041368,1.0,-0.9999999999999999,-0.20000000000079982,0.09088298118178693,0.7735355428957125,0.13558147592250058,-0.20000000000079982
1.0,3.0,48.0,-4.0,4.0,1.0,2.0,3.0,0.68364,1.0,5.0,2.0,Sub111,-0.4996759268497608,1.0,-0.9999999999999999,-0.4000000000005998,0.2726201275824908,0.12065262055086717,0.6067272518666421,-0.4000000000005998
1.0,3.0,49.0,1.0,9.0,1.0,1.0,3.0,0.795302,1.0,0.0,2.0,Sub111,-1.8414281584988599,1.0,-0.9999999999999999,0.09999999999890014,0.46263539946103255,0.15859077153690798,0.3787738290020595,0.09999999999890014
1.0,3.0,50.0,2.0,6.0,1.0,1.0,3.0,0.8384519,3.0,1.0,2.0,Sub111,-3.783214578996994,1.0,-0.9999999999999999,0.19999999999879986,0.585067848790942,0.022749443872678576,0.3921827073363795,0.19999999999879986
1.0,3.0,51.0,2.0,4.0,1.0,0.0,2.0,0.8183193,4.0,2.0,2.0,Sub111,-0.5360274576346118,1.0,-0.9999999999999999,0.19999999999879986,0.585067848790942,0.022749443872678576,0.3921827073363795,0.19999999999879986
1.0,3.0,52.0,2.0,6.0,1.0,0.0,2.0,0.718537,3.0,1.0,2.0,Sub111,-0.5360274576346118,1.0,-0.9999999999999999,0.19999999999879986,0.585067848790942,0.022749443872678576,0.3921827073363795,0.19999999999879986
1.0,3.0,53.0,-1.0,7.0,1.0,1.0,1.0,0.7822355,1.0,2.0,2.0,Sub111,-0.213685904574934,1.0,-0.9999999999999999,-0.10000000000089976,0.08661103440524755,0.8076020092848768,0.10578695630987565,-0.10000000000089976
1.0,3.0,54.0,-1.0,3.0,1.0,0.0,2.0,0.9558945,3.0,4.0,2.0,Sub111,-2.446328053444743,1.0,-0.9999999999999999,-0.10000000000089976,0.08661103440524755,0.8076020092848768,0.10578695630987565,-0.10000000000089976
1.0,3.0,55.0,-3.0,5.0,1.0,2.0,3.0,0.6716549,1.0,4.0,2.0,Sub111,-1.000549011949832,1.0,-0.9999999999999999,-0.3000000000007,0.20178570481441827,0.43053676879255554,0.3676775263930262,-0.3000000000007
1.0,3.0,56.0,-3.0,3.0,1.0,1.0,3.0,0.5951437,2.0,5.0,2.0,Sub111,-0.8427225492526962,1.0,-0.9999999999999999,-0.3000000000007,0.20178570481441827,0.43053676879255554,0.3676775263930262,-0.3000000000007
1.0,3.0,57.0,-4.0,4.0,1.0,2.0,3.0,0.9221767,1.0,5.0,2.0,Sub111,-0.4996759268497608,1.0,-0.9999999999999999,-0.4000000000005998,0.2726201275824908,0.12065262055086717,0.6067272518666421,-0.4000000000005998
1.0,3.0,58.0,-2.0,4.0,1.0,0.0,1.0,0.9860346,2.0,4.0,2.0,Sub111,-2.39818252103954,1.0,-0.9999999999999999,-0.20000000000079982,0.09088298118178693,0.7735355428957125,0.13558147592250058,-0.20000000000079982
1.0,3.0,59.0,-2.0,2.0,1.0,1.0,3.0,0.9349564,3.0,5.0,2.0,Sub111,-0.25678365928559505,1.0,-0.9999999999999999,-0.20000000000079982,0.09088298118178693,0.7735355428957125,0.13558147592250058,-0.20000000000079982
1.0,3.0,60.0,-4.0,4.0,1.0,2.0,3.0,1.052661,1.0,5.0,2.0,Sub111,-0.4996759268497608,1.0,-0.9999999999999999,-0.4000000000005998,0.2726201275824908,0.12065262055086717,0.6067272518666421,-0.4000000000005998
,,,,,,,,,,,,,,,,,,,,
,,,,,,,,,,,,,,,,,,,,
,,,,,,,,,,,,,,,,,,,,
,,,,,,,,,,,,,,,,,,,,
,,,,,,,,,,,,,,,,,,,,
,,,,,,,,,,,,,,,,,,,,
,,,,,,,,,,,,,,,,,,,,
,,,,,,,,,,,,,,,,,,,,
,,,,,,,,,,,,,,,,,,,,
,,,,,,,,,,,,,,,,,,,,
,,,,,,,,,,,,,,,,,,,,
,,,,,,,,,,,,,,,,,,,,
,,,,,,,,,,,,,,,,,,,,
,,,,,,,,,,,,,,,,,,,,
,,,,,,,,,,,,,,,,,,,,
,,,,,,,,,,,,,,,,,,,,
,,,,,,,,,,,,,,,,,,,,
,,,,,,,,,,,,,,,,,,,,
,,,,,,,,,,,,,,,,,,,,
,,,,,,,,,,,,,,,,,,,,
1.0,1.0,1.0,4.0,4.0,1.0,0.0,1.0,0.5897516,5.0,1.0,3.0,Sub111,-0.3711323376861704,1.0,-0.9999999999999999,0.39999999999859975,0.6899526287814013,3.167123755337675e-05,0.3100156999810452,0.39999999999859975
1.0,1.0,2.0,-4.0,2.0,1.0,2.0,3.0,0.6817007,2.0,6.0,3.0,Sub111,-0.4996759268497608,1.0,-0.9999999999999999,-0.4000000000005998,0.2726201275824908,0.12065262055086717,0.6067272518666421,-0.4000000000005998
1.0,1.0,3.0,-2.0,6.0,1.0,2.0,3.0,0.6262832,1.0,3.0,3.0,Sub111,-1.998182521041368,1.0,-0.9999999999999999,-0.20000000000079982,0.09088298118178693,0.7735355428957125,0.13558147592250058,-0.20000000000079982
1.0,1.0,4.0,-4.0,2.0,1.0,1.0,3.0,0.6929263,2.0,6.0,3.0,Sub111,-2.114839766866272,1.0,-0.9999999999999999,-0.4000000000005998,0.2726201275824908,0.12065262055086717,0.6067272518666421,-0.4000000000005998
1.0,1.0,5.0,3.0,3.0,1.0,0.0,1.0,0.7358137,5.0,2.0,3.0,Sub111,-0.4388387576488356,1.0,-0.9999999999999999,0.29999999999870003,0.6447847378544684,0.0013498952343488635,0.35386536691118264,0.29999999999870003
1.0,1.0,6.0,-3.0,5.0,1.0,1.0,3.0,0.8652872,1.0,4.0,3.0,Sub111,-0.8427225492526962,1.0,-0.9999999999999999,-0.3000000000007,0.20178570481441827,0.43053676879255554,0.3676775263930262,-0.3000000000007
1.0,1.0,7.0,-1.0,5.0,1.0,1.0,3.0,0.8046137,2.0,3.0,3.0,Sub111,-0.213685904574934,1.0,-0.9999999999999999,-0.10000000000089976,0.08661103440524755,0.8076020092848768,0.10578695630987565,-0.10000000000089976
1.0,1.0,8.0,4.0,2.0,1.0,0.0,2.0,0.6946608,6.0,2.0,3.0,Sub111,-0.3711323376861704,1.0,-0.9999999999999999,0.39999999999859975,0.6899526287814013,3.167123755337675e-05,0.3100156999810452,0.39999999999859975
1.0,1.0,9.0,-2.0,2.0,1.0,2.0,3.0,0.8368762,3.0,5.0,3.0,Sub111,-1.998182521041368,1.0,-0.9999999999999999,-0.20000000000079982,0.09088298118178693,0.7735355428957125,0.13558147592250058,-0.20000000000079982
1.0,1.0,10.0,-1.0,5.0,1.0,1.0,2.0,0.588876,2.0,3.0,3.0,Sub111,-0.213685904574934,1.0,-0.9999999999999999,-0.10000000000089976,0.08661103440524755,0.8076020092848768,0.10578695630987565,-0.10000000000089976
1.0,1.0,11.0,2.0,8.0,1.0,0.0,2.0,0.7326066,2.0,0.0,3.0,Sub111,-0.5360274576346118,1.0,-0.9999999999999999,0.19999999999879986,0.585067848790942,0.022749443872678576,0.3921827073363795,0.19999999999879986
1.0,1.0,12.0,1.0,1.0,1.0,0.0,1.0,0.7411221,5.0,4.0,3.0,Sub111,-0.7708160092806303,1.0,-0.9999999999999999,0.09999999999890014,0.46263539946103255,0.15859077153690798,0.3787738290020595,0.09999999999890014
1.0,1.0,13.0,-4.0,4.0,1.0,2.0,3.0,0.9320367,1.0,5.0,3.0,Sub111,-0.4996759268497608,1.0,-0.9999999999999999,-0.4000000000005998,0.2726201275824908,0.12065262055086717,0.6067272518666421,-0.4000000000005998
1.0,1.0,14.0,-4.0,2.0,1.0,2.0,3.0,0.5424417,2.0,6.0,3.0,Sub111,-0.4996759268497608,1.0,-0.9999999999999999,-0.4000000000005998,0.2726201275824908,0.12065262055086717,0.6067272518666421,-0.4000000000005998
1.0,1.0,15.0,4.0,2.0,1.0,0.0,2.0,0.6654477,6.0,2.0,3.0,Sub111,-0.3711323376861704,1.0,-0.9999999999999999,0.39999999999859975,0.6899526287814013,3.167123755337675e-05,0.3100156999810452,0.39999999999859975
1.0,1.0,16.0,4.0,2.0,1.0,0.0,2.0,0.620325,6.0,2.0,3.0,Sub111,-0.3711323376861704,1.0,-0.9999999999999999,0.39999999999859975,0.6899526287814013,3.167123755337675e-05,0.3100156999810452,0.39999999999859975
1.0,1.0,17.0,4.0,6.0,1.0,0.0,2.0,0.6152775,4.0,0.0,3.0,Sub111,-0.3711323376861704,1.0,-0.9999999999999999,0.39999999999859975,0.6899526287814013,3.167123755337675e-05,0.3100156999810452,0.39999999999859975
1.0,1.0,18.0,2.0,4.0,1.0,0.0,2.0,0.5839976,4.0,2.0,3.0,Sub111,-0.5360274576346118,1.0,-0.9999999999999999,0.19999999999879986,0.585067848790942,0.022749443872678576,0.3921827073363795,0.19999999999879986
1.0,1.0,19.0,-2.0,4.0,1.0,2.0,3.0,0.7990439,2.0,4.0,3.0,Sub111,-1.998182521041368,1.0,-0.9999999999999999,-0.20000000000079982,0.09088298118178693,0.7735355428957125,0.13558147592250058,-0.20000000000079982
1.0,1.0,20.0,3.0,7.0,1.0,0.0,2.0,0.6516746,3.0,0.0,3.0,Sub111,-0.4388387576488356,1.0,-0.9999999999999999,0.29999999999870003,0.6447847378544684,0.0013498952343488635,0.35386536691118264,0.29999999999870003
1.0,4.0,61.0,-1.0,3.0,1.0,2.0,3.0,0.7248263,3.0,4.0,3.0,Sub111,-2.2463280534449366,1.0,-0.9999999999999999,-0.10000000000089976,0.08661103440524755,0.8076020092848768,0.10578695630987565,-0.10000000000089976
1.0,4.0,62.0,3.0,1.0,1.0,0.0,2.0,0.4660408,6.0,3.0,3.0,Sub111,-0.4388387576488356,1.0,-0.9999999999999999,0.29999999999870003,0.6447847378544684,0.0013498952343488635,0.35386536691118264,0.29999999999870003
1.0,4.0,63.0,-1.0,1.0,1.0,2.0,3.0,0.7894956,4.0,5.0,3.0,Sub111,-2.2463280534449366,1.0,-0.9999999999999999,-0.10000000000089976,0.08661103440524755,0.8076020092848768,0.10578695630987565,-0.10000000000089976
1.0,4.0,64.0,4.0,2.0,1.0,0.0,2.0,0.5811767,6.0,2.0,3.0,Sub111,-0.3711323376861704,1.0,-0.9999999999999999,0.39999999999859975,0.6899526287814013,3.167123755337675e-05,0.3100156999810452,0.39999999999859975
1.0,4.0,65.0,3.0,5.0,1.0,0.0,1.0,0.5348025,4.0,1.0,3.0,Sub111,-0.4388387576488356,1.0,-0.9999999999999999,0.29999999999870003,0.6447847378544684,0.0013498952343488635,0.35386536691118264,0.29999999999870003
1.0,4.0,66.0,-4.0,4.0,1.0,2.0,3.0,0.5832386,1.0,5.0,3.0,Sub111,-0.4996759268497608,1.0,-0.9999999999999999,-0.4000000000005998,0.2726201275824908,0.12065262055086717,0.6067272518666421,-0.4000000000005998
1.0,4.0,67.0,-3.0,3.0,1.0,2.0,3.0,0.5617128,2.0,5.0,3.0,Sub111,-1.000549011949832,1.0,-0.9999999999999999,-0.3000000000007,0.20178570481441827,0.43053676879255554,0.3676775263930262,-0.3000000000007
1.0,4.0,68.0,-3.0,3.0,1.0,2.0,3.0,0.5570699,2.0,5.0,3.0,Sub111,-1.000549011949832,1.0,-0.9999999999999999,-0.3000000000007,0.20178570481441827,0.43053676879255554,0.3676775263930262,-0.3000000000007
1.0,4.0,69.0,1.0,9.0,1.0,0.0,2.0,0.6035269,1.0,0.0,3.0,Sub111,-0.7708160092806303,1.0,-0.9999999999999999,0.09999999999890014,0.46263539946103255,0.15859077153690798,0.3787738290020595,0.09999999999890014
1.0,4.0,70.0,1.0,9.0,1.0,0.0,1.0,0.6792974,1.0,0.0,3.0,Sub111,-0.7708160092806303,1.0,-0.9999999999999999,0.09999999999890014,0.46263539946103255,0.15859077153690798,0.3787738290020595,0.09999999999890014
1.0,4.0,71.0,4.0,2.0,1.0,0.0,2.0,0.5934843,6.0,2.0,3.0,Sub111,-0.3711323376861704,1.0,-0.9999999999999999,0.39999999999859975,0.6899526287814013,3.167123755337675e-05,0.3100156999810452,0.39999999999859975
1.0,4.0,72.0,-3.0,5.0,1.0,2.0,3.0,0.6384136,1.0,4.0,3.0,Sub111,-1.000549011949832,1.0,-0.9999999999999999,-0.3000000000007,0.20178570481441827,0.43053676879255554,0.3676775263930262,-0.3000000000007
1.0,4.0,73.0,2.0,6.0,1.0,0.0,1.0,0.8114244,3.0,1.0,3.0,Sub111,-0.5360274576346118,1.0,-0.9999999999999999,0.19999999999879986,0.585067848790942,0.022749443872678576,0.3921827073363795,0.19999999999879986
1.0,4.0,74.0,-2.0,4.0,1.0,1.0,3.0,0.6009907,2.0,4.0,3.0,Sub111,-0.25678365928559505,1.0,-0.9999999999999999,-0.20000000000079982,0.09088298118178693,0.7735355428957125,0.13558147592250058,-0.20000000000079982
1.0,4.0,75.0,3.0,7.0,1.0,0.0,2.0,0.8314609,3.0,0.0,3.0,Sub111,-0.4388387576488356,1.0,-0.9999999999999999,0.29999999999870003,0.6447847378544684,0.0013498952343488635,0.35386536691118264,0.29999999999870003
1.0,4.0,76.0,2.0,6.0,1.0,0.0,2.0,0.7031984,3.0,1.0,3.0,Sub111,-0.5360274576346118,1.0,-0.9999999999999999,0.19999999999879986,0.585067848790942,0.022749443872678576,0.3921827073363795,0.19999999999879986
1.0,4.0,77.0,-4.0,4.0,1.0,2.0,3.0,0.6908044,1.0,5.0,3.0,Sub111,-0.4996759268497608,1.0,-0.9999999999999999,-0.4000000000005998,0.2726201275824908,0.12065262055086717,0.6067272518666421,-0.4000000000005998
1.0,4.0,78.0,2.0,8.0,1.0,0.0,2.0,0.6411864,2.0,0.0,3.0,Sub111,-0.5360274576346118,1.0,-0.9999999999999999,0.19999999999879986,0.585067848790942,0.022749443872678576,0.3921827073363795,0.19999999999879986
1.0,4.0,79.0,-2.0,6.0,1.0,1.0,3.0,0.5993075,1.0,3.0,3.0,Sub111,-0.25678365928559505,1.0,-0.9999999999999999,-0.20000000000079982,0.09088298118178693,0.7735355428957125,0.13558147592250058,-0.20000000000079982
1.0,4.0,80.0,4.0,4.0,1.0,0.0,2.0,0.7110981,5.0,1.0,3.0,Sub111,-0.3711323376861704,1.0,-0.9999999999999999,0.39999999999859975,0.6899526287814013,3.167123755337675e-05,0.3100156999810452,0.39999999999859975
,,,,,,,,,,,,,,,,,,,,
,,,,,,,,,,,,,,,,,,,,
,,,,,,,,,,,,,,,,,,,,
,,,,,,,,,,,,,,,,,,,,
,,,,,,,,,,,,,,,,,,,,
,,,,,,,,,,,,,,,,,,,,
,,,,,,,,,,,,,,,,,,,,
,,,,,,,,,,,,,,,,,,,,
,,,,,,,,,,,,,,,,,,,,
,,,,,,,,,,,,,,,,,,,,
,,,,,,,,,,,,,,,,,,,,
,,,,,,,,,,,,,,,,,,,,
,,,,,,,,,,,,,,,,,,,,
,,,,,,,,,,,,,,,,,,,,
,,,,,,,,,,,,,,,,,,,,
,,,,,,,,,,,,,,,,,,,,
,,,,,,,,,,,,,,,,,,,,
,,,,,,,,,,,,,,,,,,,,
,,,,,,,,,,,,,,,,,,,,
,,,,,,,,,,,,,,,,,,,,
1.0,2.0,21.0,-1.0,5.0,1.0,1.0,3.0,0.8039093,2.0,3.0,4.0,Sub111,-0.213685904574934,1.0,-0.9999999999999999,-0.10000000000089976,0.08661103440524755,0.8076020092848768,0.10578695630987565,-0.10000000000089976
1.0,2.0,22.0,-1.0,5.0,1.0,1.0,3.0,0.4169159,2.0,3.0,4.0,Sub111,-0.213685904574934,1.0,-0.9999999999999999,-0.10000000000089976,0.08661103440524755,0.8076020092848768,0.10578695630987565,-0.10000000000089976
1.0,2.0,23.0,-3.0,5.0,1.0,2.0,3.0,0.8071801,1.0,4.0,4.0,Sub111,-1.000549011949832,1.0,-0.9999999999999999,-0.3000000000007,0.20178570481441827,0.43053676879255554,0.3676775263930262,-0.3000000000007
1.0,2.0,24.0,4.0,2.0,1.0,0.0,2.0,0.4477545,6.0,2.0,4.0,Sub111,-0.3711323376861704,1.0,-0.9999999999999999,0.39999999999859975,0.6899526287814013,3.167123755337675e-05,0.3100156999810452,0.39999999999859975
1.0,2.0,25.0,4.0,6.0,1.0,0.0,2.0,0.570151,4.0,0.0,4.0,Sub111,-0.3711323376861704,1.0,-0.9999999999999999,0.39999999999859975,0.6899526287814013,3.167123755337675e-05,0.3100156999810452,0.39999999999859975
1.0,2.0,26.0,1.0,7.0,1.0,1.0,1.0,0.7404371,2.0,1.0,4.0,Sub111,-1.8414281584988599,1.0,-0.9999999999999999,0.09999999999890014,0.46263539946103255,0.15859077153690798,0.3787738290020595,0.09999999999890014
1.0,2.0,27.0,-1.0,5.0,1.0,1.0,3.0,0.6087218,2.0,3.0,4.0,Sub111,-0.213685904574934,1.0,-0.9999999999999999,-0.10000000000089976,0.08661103440524755,0.8076020092848768,0.10578695630987565,-0.10000000000089976
1.0,2.0,28.0,4.0,2.0,1.0,0.0,1.0,0.5778065,6.0,2.0,4.0,Sub111,-0.3711323376861704,1.0,-0.9999999999999999,0.39999999999859975,0.6899526287814013,3.167123755337675e-05,0.3100156999810452,0.39999999999859975
1.0,2.0,29.0,-2.0,2.0,1.0,2.0,3.0,0.6076928,3.0,5.0,4.0,Sub111,-1.998182521041368,1.0,-0.9999999999999999,-0.20000000000079982,0.09088298118178693,0.7735355428957125,0.13558147592250058,-0.20000000000079982
1.0,2.0,30.0,3.0,1.0,1.0,0.0,2.0,0.5899861,6.0,3.0,4.0,Sub111,-0.4388387576488356,1.0,-0.9999999999999999,0.29999999999870003,0.6447847378544684,0.0013498952343488635,0.35386536691118264,0.29999999999870003
1.0,2.0,31.0,-4.0,4.0,1.0,2.0,3.0,0.6183155,1.0,5.0,4.0,Sub111,-0.4996759268497608,1.0,-0.9999999999999999,-0.4000000000005998,0.2726201275824908,0.12065262055086717,0.6067272518666421,-0.4000000000005998
1.0,2.0,32.0,3.0,1.0,1.0,0.0,1.0,0.7008686,6.0,3.0,4.0,Sub111,-0.4388387576488356,1.0,-0.9999999999999999,0.29999999999870003,0.6447847378544684,0.0013498952343488635,0.35386536691118264,0.29999999999870003
1.0,2.0,33.0,2.0,8.0,1.0,0.0,1.0,0.5973083,2.0,0.0,4.0,Sub111,-0.5360274576346118,1.0,-0.9999999999999999,0.19999999999879986,0.585067848790942,0.022749443872678576,0.3921827073363795,0.19999999999879986
1.0,2.0,34.0,-3.0,5.0,1.0,2.0,3.0,0.6465504,1.0,4.0,4.0,Sub111,-1.000549011949832,1.0,-0.9999999999999999,-0.3000000000007,0.20178570481441827,0.43053676879255554,0.3676775263930262,-0.3000000000007
1.0,2.0,35.0,4.0,4.0,1.0,0.0,1.0,0.6843773,5.0,1.0,4.0,Sub111,-0.3711323376861704,1.0,-0.9999999999999999,0.39999999999859975,0.6899526287814013,3.167123755337675e-05,0.3100156999810452,0.39999999999859975
1.0,2.0,36.0,2.0,8.0,1.0,0.0,1.0,0.5374034,2.0,0.0,4.0,Sub111,-0.5360274576346118,1.0,-0.9999999999999999,0.19999999999879986,0.585067848790942,0.022749443872678576,0.3921827073363795,0.19999999999879986
1.0,2.0,37.0,-4.0,2.0,1.0,2.0,3.0,0.7184397,2.0,6.0,4.0,Sub111,-0.4996759268497608,1.0,-0.9999999999999999,-0.4000000000005998,0.2726201275824908,0.12065262055086717,0.6067272518666421,-0.4000000000005998
1.0,2.0,38.0,1.0,3.0,1.0,2.0,3.0,0.8916158,4.0,3.0,4.0,Sub111,-0.9708160092780518,1.0,-0.9999999999999999,0.09999999999890014,0.46263539946103255,0.15859077153690798,0.3787738290020595,0.09999999999890014
1.0,2.0,39.0,4.0,4.0,1.0,0.0,1.0,0.5480975,5.0,1.0,4.0,Sub111,-0.3711323376861704,1.0,-0.9999999999999999,0.39999999999859975,0.6899526287814013,3.167123755337675e-05,0.3100156999810452,0.39999999999859975
1.0,2.0,40.0,4.0,2.0,1.0,0.0,2.0,0.6173388,6.0,2.0,4.0,Sub111,-0.3711323376861704,1.0,-0.9999999999999999,0.39999999999859975,0.6899526287814013,3.167123755337675e-05,0.3100156999810452,0.39999999999859975
1.0,3.0,41.0,-3.0,1.0,1.0,2.0,3.0,0.671871,3.0,6.0,4.0,Sub111,-1.000549011949832,1.0,-0.9999999999999999,-0.3000000000007,0.20178570481441827,0.43053676879255554,0.3676775263930262,-0.3000000000007
1.0,3.0,42.0,-1.0,7.0,1.0,1.0,1.0,0.7257608,1.0,2.0,4.0,Sub111,-0.213685904574934,1.0,-0.9999999999999999,-0.10000000000089976,0.08661103440524755,0.8076020092848768,0.10578695630987565,-0.10000000000089976
1.0,3.0,43.0,-3.0,5.0,1.0,1.0,3.0,0.7382483,1.0,4.0,4.0,Sub111,-0.8427225492526962,1.0,-0.9999999999999999,-0.3000000000007,0.20178570481441827,0.43053676879255554,0.3676775263930262,-0.3000000000007
1.0,3.0,44.0,2.0,2.0,1.0,0.0,2.0,0.7397354,5.0,3.0,4.0,Sub111,-0.5360274576346118,1.0,-0.9999999999999999,0.19999999999879986,0.585067848790942,0.022749443872678576,0.3921827073363795,0.19999999999879986
1.0,3.0,45.0,2.0,4.0,1.0,0.0,2.0,0.8629261,4.0,2.0,4.0,Sub111,-0.5360274576346118,1.0,-0.9999999999999999,0.19999999999879986,0.585067848790942,0.022749443872678576,0.3921827073363795,0.19999999999879986
1.0,3.0,46.0,-3.0,1.0,1.0,2.0,3.0,0.6967573,3.0,6.0,4.0,Sub111,-1.000549011949832,1.0,-0.9999999999999999,-0.3000000000007,0.20178570481441827,0.43053676879255554,0.3676775263930262,-0.3000000000007
1.0,3.0,47.0,-2.0,4.0,1.0,2.0,3.0,0.85201,2.0,4.0,4.0,Sub111,-1.998182521041368,1.0,-0.9999999999999999,-0.20000000000079982,0.09088298118178693,0.7735355428957125,0.13558147592250058,-0.20000000000079982
1.0,3.0,48.0,-4.0,4.0,1.0,2.0,3.0,0.7088018,1.0,5.0,4.0,Sub111,-0.4996759268497608,1.0,-0.9999999999999999,-0.4000000000005998,0.2726201275824908,0.12065262055086717,0.6067272518666421,-0.4000000000005998
1.0,3.0,49.0,1.0,9.0,1.0,1.0,2.0,0.8657777,1.0,0.0,4.0,Sub111,-1.8414281584988599,1.0,-0.9999999999999999,0.09999999999890014,0.46263539946103255,0.15859077153690798,0.3787738290020595,0.09999999999890014
1.0,3.0,50.0,2.0,6.0,1.0,0.0,1.0,0.8472542,3.0,1.0,4.0,Sub111,-0.5360274576346118,1.0,-0.9999999999999999,0.19999999999879986,0.585067848790942,0.022749443872678576,0.3921827073363795,0.19999999999879986
1.0,3.0,51.0,2.0,4.0,1.0,0.0,1.0,0.8561992,4.0,2.0,4.0,Sub111,-0.5360274576346118,1.0,-0.9999999999999999,0.19999999999879986,0.585067848790942,0.022749443872678576,0.3921827073363795,0.19999999999879986
1.0,3.0,52.0,2.0,6.0,1.0,0.0,1.0,0.9567793,3.0,1.0,4.0,Sub111,-0.5360274576346118,1.0,-0.9999999999999999,0.19999999999879986,0.585067848790942,0.022749443872678576,0.3921827073363795,0.19999999999879986
1.0,3.0,53.0,-1.0,7.0,1.0,1.0,3.0,0.6809553,1.0,2.0,4.0,Sub111,-0.213685904574934,1.0,-0.9999999999999999,-0.10000000000089976,0.08661103440524755,0.8076020092848768,0.10578695630987565,-0.10000000000089976
1.0,3.0,54.0,-1.0,3.0,1.0,1.0,3.0,0.938022,3.0,4.0,4.0,Sub111,-0.213685904574934,1.0,-0.9999999999999999,-0.10000000000089976,0.08661103440524755,0.8076020092848768,0.10578695630987565,-0.10000000000089976
1.0,3.0,55.0,-3.0,5.0,1.0,2.0,3.0,0.7896857,1.0,4.0,4.0,Sub111,-1.000549011949832,1.0,-0.9999999999999999,-0.3000000000007,0.20178570481441827,0.43053676879255554,0.3676775263930262,-0.3000000000007
1.0,3.0,56.0,-3.0,3.0,1.0,2.0,3.0,0.5824446,2.0,5.0,4.0,Sub111,-1.000549011949832,1.0,-0.9999999999999999,-0.3000000000007,0.20178570481441827,0.43053676879255554,0.3676775263930262,-0.3000000000007
1.0,3.0,57.0,-4.0,4.0,1.0,2.0,3.0,0.6357613,1.0,5.0,4.0,Sub111,-0.4996759268497608,1.0,-0.9999999999999999,-0.4000000000005998,0.2726201275824908,0.12065262055086717,0.6067272518666421,-0.4000000000005998
1.0,3.0,58.0,-2.0,4.0,1.0,2.0,3.0,0.6080045,2.0,4.0,4.0,Sub111,-1.998182521041368,1.0,-0.9999999999999999,-0.20000000000079982,0.09088298118178693,0.7735355428957125,0.13558147592250058,-0.20000000000079982
1.0,3.0,59.0,-2.0,2.0,1.0,2.0,3.0,0.6931991,3.0,5.0,4.0,Sub111,-1.998182521041368,1.0,-0.9999999999999999,-0.20000000000079982,0.09088298118178693,0.7735355428957125,0.13558147592250058,-0.20000000000079982
1.0,3.0,60.0,-4.0,4.0,1.0,2.0,3.0,0.6501529,1.0,5.0,4.0,Sub111,-0.4996759268497608,1.0,-0.9999999999999999,-0.4000000000005998,0.2726201275824908,0.12065262055086717,0.6067272518666421,-0.4000000000005998
,,,,,,,,,,,,,,,,,,,,
,,,,,,,,,,,,,,,,,,,,
,,,,,,,,,,,,,,,,,,,,
,,,,,,,,,,,,,,,,,,,,
,,,,,,,,,,,,,,,,,,,,
,,,,,,,,,,,,,,,,,,,,
,,,,,,,,,,,,,,,,,,,,
,,,,,,,,,,,,,,,,,,,,
,,,,,,,,,,,,,,,,,,,,
,,,,,,,,,,,,,,,,,,,,
,,,,,,,,,,,,,,,,,,,,
,,,,,,,,,,,,,,,,,,,,
,,,,,,,,,,,,,,,,,,,,
,,,,,,,,,,,,,,,,,,,,
,,,,,,,,,,,,,,,,,,,,
,,,,,,,,,,,,,,,,,,,,
,,,,,,,,,,,,,,,,,,,,
,,,,,,,,,,,,,,,,,,,,
,,,,,,,,,,,,,,,,,,,,
,,,,,,,,,,,,,,,,,,,,
1.0,1.0,1.0,4.0,4.0,1.0,0.0,2.0,7.174463e-01,5.0,1.0,1.0,Sub106,-0.3711323376861704,1.0,-0.9999999999999999,0.39999999999859975,0.6899526287814013,3.167123755337675e-05,0.3100156999810452,0.39999999999859975
1.0,1.0,2.0,-4.0,2.0,1.0,2.0,3.0,7.246789e-01,2.0,6.0,1.0,Sub106,-0.4996759268497608,1.0,-0.9999999999999999,-0.4000000000005998,0.2726201275824908,0.12065262055086717,0.6067272518666421,-0.4000000000005998
1.0,1.0,3.0,-2.0,6.0,1.0,2.0,3.0,1.198796e+00,1.0,3.0,1.0,Sub106,-1.998182521041368,1.0,-0.9999999999999999,-0.20000000000079982,0.09088298118178693,0.7735355428957125,0.13558147592250058,-0.20000000000079982
1.0,1.0,4.0,-4.0,2.0,1.0,2.0,3.0,1.084490e+00,2.0,6.0,1.0,Sub106,-0.4996759268497608,1.0,-0.9999999999999999,-0.4000000000005998,0.2726201275824908,0.12065262055086717,0.6067272518666421,-0.4000000000005998
1.0,1.0,5.0,3.0,3.0,1.0,0.0,2.0,6.726661e-01,5.0,2.0,1.0,Sub106,-0.4388387576488356,1.0,-0.9999999999999999,0.29999999999870003,0.6447847378544684,0.0013498952343488635,0.35386536691118264,0.29999999999870003
1.0,1.0,6.0,-3.0,5.0,1.0,2.0,3.0,9.951551e-01,1.0,4.0,1.0,Sub106,-1.000549011949832,1.0,-0.9999999999999999,-0.3000000000007,0.20178570481441827,0.43053676879255554,0.3676775263930262,-0.3000000000007
1.0,1.0,7.0,-1.0,5.0,1.0,1.0,3.0,1.230133e+00,2.0,3.0,1.0,Sub106,-0.213685904574934,1.0,-0.9999999999999999,-0.10000000000089976,0.08661103440524755,0.8076020092848768,0.10578695630987565,-0.10000000000089976
1.0,1.0,8.0,4.0,2.0,1.0,0.0,2.0,7.599000e-01,6.0,2.0,1.0,Sub106,-0.3711323376861704,1.0,-0.9999999999999999,0.39999999999859975,0.6899526287814013,3.167123755337675e-05,0.3100156999810452,0.39999999999859975
1.0,1.0,9.0,-2.0,2.0,1.0,0.0,2.0,1.099631e+00,3.0,5.0,1.0,Sub106,-2.39818252103954,1.0,-0.9999999999999999,-0.20000000000079982,0.09088298118178693,0.7735355428957125,0.13558147592250058,-0.20000000000079982
1.0,1.0,10.0,-1.0,5.0,1.0,1.0,3.0,8.279670e-01,2.0,3.0,1.0,Sub106,-0.213685904574934,1.0,-0.9999999999999999,-0.10000000000089976,0.08661103440524755,0.8076020092848768,0.10578695630987565,-0.10000000000089976
1.0,1.0,11.0,2.0,8.0,1.0,0.0,2.0,8.111526e-01,2.0,0.0,1.0,Sub106,-0.5360274576346118,1.0,-0.9999999999999999,0.19999999999879986,0.585067848790942,0.022749443872678576,0.3921827073363795,0.19999999999879986
1.0,1.0,12.0,1.0,1.0,1.0,0.0,1.0,6.005396e-01,5.0,4.0,1.0,Sub106,-0.7708160092806303,1.0,-0.9999999999999999,0.09999999999890014,0.46263539946103255,0.15859077153690798,0.3787738290020595,0.09999999999890014
1.0,1.0,13.0,-4.0,4.0,1.0,2.0,3.0,9.669299e-01,1.0,5.0,1.0,Sub106,-0.4996759268497608,1.0,-0.9999999999999999,-0.4000000000005998,0.2726201275824908,0.12065262055086717,0.6067272518666421,-0.4000000000005998
1.0,1.0,14.0,-4.0,2.0,1.0,0.0,1.0,1.096204e+00,2.0,6.0,1.0,Sub106,-1.2996759268493405,1.0,-0.9999999999999999,-0.4000000000005998,0.2726201275824908,0.12065262055086717,0.6067272518666421,-0.4000000000005998
1.0,1.0,15.0,4.0,2.0,1.0,0.0,2.0,7.429922e-01,6.0,2.0,1.0,Sub106,-0.3711323376861704,1.0,-0.9999999999999999,0.39999999999859975,0.6899526287814013,3.167123755337675e-05,0.3100156999810452,0.39999999999859975
1.0,1.0,16.0,4.0,2.0,1.0,0.0,2.0,8.221751e-01,6.0,2.0,1.0,Sub106,-0.3711323376861704,1.0,-0.9999999999999999,0.39999999999859975,0.6899526287814013,3.167123755337675e-05,0.3100156999810452,0.39999999999859975
1.0,1.0,17.0,4.0,6.0,1.0,0.0,2.0,7.246356e-01,4.0,0.0,1.0,Sub106,-0.3711323376861704,1.0,-0.9999999999999999,0.39999999999859975,0.6899526287814013,3.167123755337675e-05,0.3100156999810452,0.39999999999859975
1.0,1.0,18.0,2.0,4.0,1.0,0.0,2.0,8.768526e-01,4.0,2.0,1.0,Sub106,-0.5360274576346118,1.0,-0.9999999999999999,0.19999999999879986,0.585067848790942,0.022749443872678576,0.3921827073363795,0.19999999999879986
1.0,1.0,19.0,-2.0,4.0,1.0,2.0,3.0,7.659835e-01,2.0,4.0,1.0,Sub106,-1.998182521041368,1.0,-0.9999999999999999,-0.20000000000079982,0.09088298118178693,0.7735355428957125,0.13558147592250058,-0.20000000000079982
1.0,1.0,20.0,3.0,7.0,1.0,0.0,2.0,8.334552e-01,3.0,0.0,1.0,Sub106,-0.4388387576488356,1.0,-0.9999999999999999,0.29999999999870003,0.6447847378544684,0.0013498952343488635,0.35386536691118264,0.29999999999870003
1.0,4.0,61.0,-1.0,3.0,1.0,1.0,2.0,1.191662e+00,3.0,4.0,1.0,Sub106,-0.213685904574934,1.0,-0.9999999999999999,-0.10000000000089976,0.08661103440524755,0.8076020092848768,0.10578695630987565,-0.10000000000089976
1.0,4.0,62.0,3.0,1.0,1.0,0.0,2.0,6.993458e-01,6.0,3.0,1.0,Sub106,-0.4388387576488356,1.0,-0.9999999999999999,0.29999999999870003,0.6447847378544684,0.0013498952343488635,0.35386536691118264,0.29999999999870003
1.0,4.0,63.0,-1.0,1.0,0.0,998.0,4.0,?,4.0,5.0,1.0,Sub106,,,,,,,,
1.0,4.0,64.0,4.0,2.0,1.0,0.0,1.0,8.327768e-01,6.0,2.0,1.0,Sub106,-0.3711323376861704,1.0,-0.9999999999999999,0.39999999999859975,0.6899526287814013,3.167123755337675e-05,0.3100156999810452,0.39999999999859975
1.0,4.0,65.0,3.0,5.0,1.0,0.0,2.0,8.492762e-01,4.0,1.0,1.0,Sub106,-0.4388387576488356,1.0,-0.9999999999999999,0.29999999999870003,0.6447847378544684,0.0013498952343488635,0.35386536691118264,0.29999999999870003
1.0,4.0,66.0,-4.0,4.0,1.0,2.0,3.0,7.918989e-01,1.0,5.0,1.0,Sub106,-0.4996759268497608,1.0,-0.9999999999999999,-0.4000000000005998,0.2726201275824908,0.12065262055086717,0.6067272518666421,-0.4000000000005998
1.0,4.0,67.0,-3.0,3.0,1.0,2.0,3.0,8.200290e-01,2.0,5.0,1.0,Sub106,-1.000549011949832,1.0,-0.9999999999999999,-0.3000000000007,0.20178570481441827,0.43053676879255554,0.3676775263930262,-0.3000000000007
1.0,4.0,68.0,-3.0,3.0,1.0,2.0,3.0,9.529030e-01,2.0,5.0,1.0,Sub106,-1.000549011949832,1.0,-0.9999999999999999,-0.3000000000007,0.20178570481441827,0.43053676879255554,0.3676775263930262,-0.3000000000007
1.0,4.0,69.0,1.0,9.0,1.0,0.0,1.0,8.720222e-01,1.0,0.0,1.0,Sub106,-0.7708160092806303,1.0,-0.9999999999999999,0.09999999999890014,0.46263539946103255,0.15859077153690798,0.3787738290020595,0.09999999999890014
1.0,4.0,70.0,1.0,9.0,1.0,1.0,1.0,1.181215e+00,1.0,0.0,1.0,Sub106,-1.8414281584988599,1.0,-0.9999999999999999,0.09999999999890014,0.46263539946103255,0.15859077153690798,0.3787738290020595,0.09999999999890014
1.0,4.0,71.0,4.0,2.0,1.0,0.0,1.0,9.161137e-01,6.0,2.0,1.0,Sub106,-0.3711323376861704,1.0,-0.9999999999999999,0.39999999999859975,0.6899526287814013,3.167123755337675e-05,0.3100156999810452,0.39999999999859975
1.0,4.0,72.0,-3.0,5.0,1.0,2.0,3.0,1.467945e+00,1.0,4.0,1.0,Sub106,-1.000549011949832,1.0,-0.9999999999999999,-0.3000000000007,0.20178570481441827,0.43053676879255554,0.3676775263930262,-0.3000000000007
1.0,4.0,73.0,2.0,6.0,1.0,0.0,1.0,8.793050e-01,3.0,1.0,1.0,Sub106,-0.5360274576346118,1.0,-0.9999999999999999,0.19999999999879986,0.585067848790942,0.022749443872678576,0.3921827073363795,0.19999999999879986
1.0,4.0,74.0,-2.0,4.0,0.0,998.0,4.0,?,2.0,4.0,1.0,Sub106,,,,,,,,
1.0,4.0,75.0,3.0,7.0,1.0,0.0,2.0,8.635116e-01,3.0,0.0,1.0,Sub106,-0.4388387576488356,1.0,-0.9999999999999999,0.29999999999870003,0.6447847378544684,0.0013498952343488635,0.35386536691118264,0.29999999999870003
1.0,4.0,76.0,2.0,6.0,1.0,0.0,2.0,8.615918e-01,3.0,1.0,1.0,Sub106,-0.5360274576346118,1.0,-0.9999999999999999,0.19999999999879986,0.585067848790942,0.022749443872678576,0.3921827073363795,0.19999999999879986
1.0,4.0,77.0,-4.0,4.0,1.0,2.0,3.0,8.260623e-01,1.0,5.0,1.0,Sub106,-0.4996759268497608,1.0,-0.9999999999999999,-0.4000000000005998,0.2726201275824908,0.12065262055086717,0.6067272518666421,-0.4000000000005998
1.0,4.0,78.0,2.0,8.0,1.0,1.0,1.0,9.222740e-01,2.0,0.0,1.0,Sub106,-3.783214578996994,1.0,-0.9999999999999999,0.19999999999879986,0.585067848790942,0.022749443872678576,0.3921827073363795,0.19999999999879986
1.0,4.0,79.0,-2.0,6.0,1.0,2.0,3.0,1.093345e+00,1.0,3.0,1.0,Sub106,-1.998182521041368,1.0,-0.9999999999999999,-0.20000000000079982,0.09088298118178693,0.7735355428957125,0.13558147592250058,-0.20000000000079982
1.0,4.0,80.0,4.0,4.0,1.0,0.0,2.0,7.228768e-01,5.0,1.0,1.0,Sub106,-0.3711323376861704,1.0,-0.9999999999999999,0.39999999999859975,0.6899526287814013,3.167123755337675e-05,0.3100156999810452,0.39999999999859975
,,,,,,,,,,,,,,,,,,,,
,,,,,,,,,,,,,,,,,,,,
,,,,,,,,,,,,,,,,,,,,
,,,,,,,,,,,,,,,,,,,,
,,,,,,,,,,,,,,,,,,,,
,,,,,,,,,,,,,,,,,,,,
,,,,,,,,,,,,,,,,,,,,
,,,,,,,,,,,,,,,,,,,,
,,,,,,,,,,,,,,,,,,,,
,,,,,,,,,,,,,,,,,,,,
,,,,,,,,,,,,,,,,,,,,
,,,,,,,,,,,,,,,,,,,,
,,,,,,,,,,,,,,,,,,,,
,,,,,,,,,,,,,,,,,,,,
,,,,,,,,,,,,,,,,,,,,
,,,,,,,,,,,,,,,,,,,,
,,,,,,,,,,,,,,,,,,,,
,,,,,,,,,,,,,,,,,,,,
,,,,,,,,,,,,,,,,,,,,
,,,,,,,,,,,,,,,,,,,,
1.0,2.0,21.0,-1.0,5.0,1.0,1.0,1.0,1.009465e+00,2.0,3.0,2.0,Sub106,-0.213685904574934,1.0,-0.9999999999999999,-0.10000000000089976,0.08661103440524755,0.8076020092848768,0.10578695630987565,-0.10000000000089976
1.0,2.0,22.0,-1.0,5.0,0.0,998.0,4.0,?,2.0,3.0,2.0,Sub106,,,,,,,,
1.0,2.0,23.0,-3.0,5.0,1.0,2.0,3.0,8.523811e-01,1.0,4.0,2.0,Sub106,-1.000549011949832,1.0,-0.9999999999999999,-0.3000000000007,0.20178570481441827,0.43053676879255554,0.3676775263930262,-0.3000000000007
1.0,2.0,24.0,4.0,2.0,1.0,0.0,1.0,6.513278e-01,6.0,2.0,2.0,Sub106,-0.3711323376861704,1.0,-0.9999999999999999,0.39999999999859975,0.6899526287814013,3.167123755337675e-05,0.3100156999810452,0.39999999999859975
1.0,2.0,25.0,4.0,6.0,1.0,0.0,2.0,7.542005e-01,4.0,0.0,2.0,Sub106,-0.3711323376861704,1.0,-0.9999999999999999,0.39999999999859975,0.6899526287814013,3.167123755337675e-05,0.3100156999810452,0.39999999999859975
1.0,2.0,26.0,1.0,7.0,1.0,2.0,3.0,8.680411e-01,2.0,1.0,2.0,Sub106,-0.9708160092780518,1.0,-0.9999999999999999,0.09999999999890014,0.46263539946103255,0.15859077153690798,0.3787738290020595,0.09999999999890014
1.0,2.0,27.0,-1.0,5.0,1.0,1.0,3.0,7.677337e-01,2.0,3.0,2.0,Sub106,-0.213685904574934,1.0,-0.9999999999999999,-0.10000000000089976,0.08661103440524755,0.8076020092848768,0.10578695630987565,-0.10000000000089976
1.0,2.0,28.0,4.0,2.0,1.0,0.0,2.0,5.870534e-01,6.0,2.0,2.0,Sub106,-0.3711323376861704,1.0,-0.9999999999999999,0.39999999999859975,0.6899526287814013,3.167123755337675e-05,0.3100156999810452,0.39999999999859975
1.0,2.0,29.0,-2.0,2.0,1.0,2.0,3.0,9.871960e-01,3.0,5.0,2.0,Sub106,-1.998182521041368,1.0,-0.9999999999999999,-0.20000000000079982,0.09088298118178693,0.7735355428957125,0.13558147592250058,-0.20000000000079982
1.0,2.0,30.0,3.0,1.0,1.0,0.0,2.0,7.327859e-01,6.0,3.0,2.0,Sub106,-0.4388387576488356,1.0,-0.9999999999999999,0.29999999999870003,0.6447847378544684,0.0013498952343488635,0.35386536691118264,0.29999999999870003
1.0,2.0,31.0,-4.0,4.0,1.0,2.0,3.0,1.023454e+00,1.0,5.0,2.0,Sub106,-0.4996759268497608,1.0,-0.9999999999999999,-0.4000000000005998,0.2726201275824908,0.12065262055086717,0.6067272518666421,-0.4000000000005998
1.0,2.0,32.0,3.0,1.0,1.0,0.0,2.0,9.931137e-01,6.0,3.0,2.0,Sub106,-0.4388387576488356,1.0,-0.9999999999999999,0.29999999999870003,0.6447847378544684,0.0013498952343488635,0.35386536691118264,0.29999999999870003
1.0,2.0,33.0,2.0,8.0,1.0,1.0,2.0,9.882731e-01,2.0,0.0,2.0,Sub106,-3.783214578996994,1.0,-0.9999999999999999,0.19999999999879986,0.585067848790942,0.022749443872678576,0.3921827073363795,0.19999999999879986
1.0,2.0,34.0,-3.0,5.0,1.0,2.0,3.0,9.536414e-01,1.0,4.0,2.0,Sub106,-1.000549011949832,1.0,-0.9999999999999999,-0.3000000000007,0.20178570481441827,0.43053676879255554,0.3676775263930262,-0.3000000000007
1.0,2.0,35.0,4.0,4.0,1.0,0.0,1.0,7.640750e-01,5.0,1.0,2.0,Sub106,-0.3711323376861704,1.0,-0.9999999999999999,0.39999999999859975,0.6899526287814013,3.167123755337675e-05,0.3100156999810452,0.39999999999859975
1.0,2.0,36.0,2.0,8.0,1.0,1.0,2.0,8.270665e-01,2.0,0.0,2.0,Sub106,-3.783214578996994,1.0,-0.9999999999999999,0.19999999999879986,0.585067848790942,0.022749443872678576,0.3921827073363795,0.19999999999879986
1.0,2.0,37.0,-4.0,2.0,1.0,2.0,3.0,9.536603e-01,2.0,6.0,2.0,Sub106,-0.4996759268497608,1.0,-0.9999999999999999,-0.4000000000005998,0.2726201275824908,0.12065262055086717,0.6067272518666421,-0.4000000000005998
1.0,2.0,38.0,1.0,3.0,1.0,0.0,2.0,9.533378e-01,4.0,3.0,2.0,Sub106,-0.7708160092806303,1.0,-0.9999999999999999,0.09999999999890014,0.46263539946103255,0.15859077153690798,0.3787738290020595,0.09999999999890014
1.0,2.0,39.0,4.0,4.0,1.0,0.0,2.0,8.849975e-01,5.0,1.0,2.0,Sub106,-0.3711323376861704,1.0,-0.9999999999999999,0.39999999999859975,0.6899526287814013,3.167123755337675e-05,0.3100156999810452,0.39999999999859975
1.0,2.0,40.0,4.0,2.0,1.0,0.0,2.0,8.942265e-01,6.0,2.0,2.0,Sub106,-0.3711323376861704,1.0,-0.9999999999999999,0.39999999999859975,0.6899526287814013,3.167123755337675e-05,0.3100156999810452,0.39999999999859975
1.0,3.0,41.0,-3.0,1.0,1.0,1.0,3.0,8.764280e-01,3.0,6.0,2.0,Sub106,-0.8427225492526962,1.0,-0.9999999999999999,-0.3000000000007,0.20178570481441827,0.43053676879255554,0.3676775263930262,-0.3000000000007
1.0,3.0,42.0,-1.0,7.0,1.0,2.0,3.0,1.044913e+00,1.0,2.0,2.0,Sub106,-2.2463280534449366,1.0,-0.9999999999999999,-0.10000000000089976,0.08661103440524755,0.8076020092848768,0.10578695630987565,-0.10000000000089976
1.0,3.0,43.0,-3.0,5.0,1.0,2.0,3.0,9.864965e-01,1.0,4.0,2.0,Sub106,-1.000549011949832,1.0,-0.9999999999999999,-0.3000000000007,0.20178570481441827,0.43053676879255554,0.3676775263930262,-0.3000000000007
1.0,3.0,44.0,2.0,2.0,1.0,0.0,2.0,6.798214e-01,5.0,3.0,2.0,Sub106,-0.5360274576346118,1.0,-0.9999999999999999,0.19999999999879986,0.585067848790942,0.022749443872678576,0.3921827073363795,0.19999999999879986
1.0,3.0,45.0,2.0,4.0,1.0,0.0,2.0,1.161669e+00,4.0,2.0,2.0,Sub106,-0.5360274576346118,1.0,-0.9999999999999999,0.19999999999879986,0.585067848790942,0.022749443872678576,0.3921827073363795,0.19999999999879986
1.0,3.0,46.0,-3.0,1.0,1.0,2.0,3.0,1.025979e+00,3.0,6.0,2.0,Sub106,-1.000549011949832,1.0,-0.9999999999999999,-0.3000000000007,0.20178570481441827,0.43053676879255554,0.3676775263930262,-0.3000000000007
1.0,3.0,47.0,-2.0,4.0,1.0,2.0,3.0,9.381176e-01,2.0,4.0,2.0,Sub106,-1.998182521041368,1.0,-0.9999999999999999,-0.20000000000079982,0.09088298118178693,0.7735355428957125,0.13558147592250058,-0.20000000000079982
1.0,3.0,48.0,-4.0,4.0,1.0,2.0,3.0,1.074429e+00,1.0,5.0,2.0,Sub106,-0.4996759268497608,1.0,-0.9999999999999999,-0.4000000000005998,0.2726201275824908,0.12065262055086717,0.6067272518666421,-0.4000000000005998
1.0,3.0,49.0,1.0,9.0,1.0,0.0,1.0,9.420615e-01,1.0,0.0,2.0,Sub106,-0.7708160092806303,1.0,-0.9999999999999999,0.09999999999890014,0.46263539946103255,0.15859077153690798,0.3787738290020595,0.09999999999890014
1.0,3.0,50.0,2.0,6.0,1.0,0.0,2.0,9.646909e-01,3.0,1.0,2.0,Sub106,-0.5360274576346118,1.0,-0.9999999999999999,0.19999999999879986,0.585067848790942,0.022749443872678576,0.3921827073363795,0.19999999999879986
1.0,3.0,51.0,2.0,4.0,1.0,0.0,2.0,8.369221e-01,4.0,2.0,2.0,Sub106,-0.5360274576346118,1.0,-0.9999999999999999,0.19999999999879986,0.585067848790942,0.022749443872678576,0.3921827073363795,0.19999999999879986
1.0,3.0,52.0,2.0,6.0,1.0,0.0,1.0,1.122231e+00,3.0,1.0,2.0,Sub106,-0.5360274576346118,1.0,-0.9999999999999999,0.19999999999879986,0.585067848790942,0.022749443872678576,0.3921827073363795,0.19999999999879986
1.0,3.0,53.0,-1.0,7.0,1.0,2.0,3.0,1.019371e+00,1.0,2.0,2.0,Sub106,-2.2463280534449366,1.0,-0.9999999999999999,-0.10000000000089976,0.08661103440524755,0.8076020092848768,0.10578695630987565,-0.10000000000089976
1.0,3.0,54.0,-1.0,3.0,1.0,1.0,3.0,1.092962e+00,3.0,4.0,2.0,Sub106,-0.213685904574934,1.0,-0.9999999999999999,-0.10000000000089976,0.08661103440524755,0.8076020092848768,0.10578695630987565,-0.10000000000089976
1.0,3.0,55.0,-3.0,5.0,1.0,2.0,3.0,9.332419e-01,1.0,4.0,2.0,Sub106,-1.000549011949832,1.0,-0.9999999999999999,-0.3000000000007,0.20178570481441827,0.43053676879255554,0.3676775263930262,-0.3000000000007
1.0,3.0,56.0,-3.0,3.0,1.0,2.0,3.0,9.480570e-01,2.0,5.0,2.0,Sub106,-1.000549011949832,1.0,-0.9999999999999999,-0.3000000000007,0.20178570481441827,0.43053676879255554,0.3676775263930262,-0.3000000000007
1.0,3.0,57.0,-4.0,4.0,1.0,2.0,3.0,1.022957e+00,1.0,5.0,2.0,Sub106,-0.4996759268497608,1.0,-0.9999999999999999,-0.4000000000005998,0.2726201275824908,0.12065262055086717,0.6067272518666421,-0.4000000000005998
1.0,3.0,58.0,-2.0,4.0,1.0,2.0,3.0,1.306107e+00,2.0,4.0,2.0,Sub106,-1.998182521041368,1.0,-0.9999999999999999,-0.20000000000079982,0.09088298118178693,0.7735355428957125,0.13558147592250058,-0.20000000000079982
1.0,3.0,59.0,-2.0,2.0,1.0,2.0,3.0,1.037010e+00,3.0,5.0,2.0,Sub106,-1.998182521041368,1.0,-0.9999999999999999,-0.20000000000079982,0.09088298118178693,0.7735355428957125,0.13558147592250058,-0.20000000000079982
1.0,3.0,60.0,-4.0,4.0,1.0,2.0,3.0,1.140863e+00,1.0,5.0,2.0,Sub106,-0.4996759268497608,1.0,-0.9999999999999999,-0.4000000000005998,0.2726201275824908,0.12065262055086717,0.6067272518666421,-0.4000000000005998
,,,,,,,,,,,,,,,,,,,,
,,,,,,,,,,,,,,,,,,,,
,,,,,,,,,,,,,,,,,,,,
,,,,,,,,,,,,,,,,,,,,
,,,,,,,,,,,,,,,,,,,,
,,,,,,,,,,,,,,,,,,,,
,,,,,,,,,,,,,,,,,,,,
,,,,,,,,,,,,,,,,,,,,
,,,,,,,,,,,,,,,,,,,,
,,,,,,,,,,,,,,,,,,,,
,,,,,,,,,,,,,,,,,,,,
,,,,,,,,,,,,,,,,,,,,
,,,,,,,,,,,,,,,,,,,,
,,,,,,,,,,,,,,,,,,,,
,,,,,,,,,,,,,,,,,,,,
,,,,,,,,,,,,,,,,,,,,
,,,,,,,,,,,,,,,,,,,,
,,,,,,,,,,,,,,,,,,,,
,,,,,,,,,,,,,,,,,,,,
,,,,,,,,,,,,,,,,,,,,
1.0,1.0,1.0,4.0,4.0,1.0,0.0,2.0,0.616749,5.0,1.0,3.0,Sub106,-0.3711323376861704,1.0,-0.9999999999999999,0.39999999999859975,0.6899526287814013,3.167123755337675e-05,0.3100156999810452,0.39999999999859975
1.0,1.0,2.0,-4.0,2.0,1.0,2.0,3.0,0.6460275,2.0,6.0,3.0,Sub106,-0.4996759268497608,1.0,-0.9999999999999999,-0.4000000000005998,0.2726201275824908,0.12065262055086717,0.6067272518666421,-0.4000000000005998
1.0,1.0,3.0,-2.0,6.0,1.0,2.0,3.0,0.7141766,1.0,3.0,3.0,Sub106,-1.998182521041368,1.0,-0.9999999999999999,-0.20000000000079982,0.09088298118178693,0.7735355428957125,0.13558147592250058,-0.20000000000079982
1.0,1.0,4.0,-4.0,2.0,1.0,2.0,3.0,0.8082308,2.0,6.0,3.0,Sub106,-0.4996759268497608,1.0,-0.9999999999999999,-0.4000000000005998,0.2726201275824908,0.12065262055086717,0.6067272518666421,-0.4000000000005998
1.0,1.0,5.0,3.0,3.0,1.0,0.0,1.0,0.6101938,5.0,2.0,3.0,Sub106,-0.4388387576488356,1.0,-0.9999999999999999,0.29999999999870003,0.6447847378544684,0.0013498952343488635,0.35386536691118264,0.29999999999870003
1.0,1.0,6.0,-3.0,5.0,1.0,2.0,3.0,0.7375898,1.0,4.0,3.0,Sub106,-1.000549011949832,1.0,-0.9999999999999999,-0.3000000000007,0.20178570481441827,0.43053676879255554,0.3676775263930262,-0.3000000000007
1.0,1.0,7.0,-1.0,5.0,1.0,0.0,2.0,0.7640194,2.0,3.0,3.0,Sub106,-2.446328053444743,1.0,-0.9999999999999999,-0.10000000000089976,0.08661103440524755,0.8076020092848768,0.10578695630987565,-0.10000000000089976
1.0,1.0,8.0,4.0,2.0,1.0,0.0,1.0,0.6072163,6.0,2.0,3.0,Sub106,-0.3711323376861704,1.0,-0.9999999999999999,0.39999999999859975,0.6899526287814013,3.167123755337675e-05,0.3100156999810452,0.39999999999859975
1.0,1.0,9.0,-2.0,2.0,1.0,2.0,3.0,0.6366753,3.0,5.0,3.0,Sub106,-1.998182521041368,1.0,-0.9999999999999999,-0.20000000000079982,0.09088298118178693,0.7735355428957125,0.13558147592250058,-0.20000000000079982
1.0,1.0,10.0,-1.0,5.0,1.0,0.0,1.0,0.771145,2.0,3.0,3.0,Sub106,-2.446328053444743,1.0,-0.9999999999999999,-0.10000000000089976,0.08661103440524755,0.8076020092848768,0.10578695630987565,-0.10000000000089976
1.0,1.0,11.0,2.0,8.0,1.0,1.0,1.0,1.064467,2.0,0.0,3.0,Sub106,-3.783214578996994,1.0,-0.9999999999999999,0.19999999999879986,0.585067848790942,0.022749443872678576,0.3921827073363795,0.19999999999879986
1.0,1.0,12.0,1.0,1.0,1.0,1.0,2.0,0.7087083,5.0,4.0,3.0,Sub106,-1.8414281584988599,1.0,-0.9999999999999999,0.09999999999890014,0.46263539946103255,0.15859077153690798,0.3787738290020595,0.09999999999890014
1.0,1.0,13.0,-4.0,4.0,1.0,2.0,3.0,0.9340813,1.0,5.0,3.0,Sub106,-0.4996759268497608,1.0,-0.9999999999999999,-0.4000000000005998,0.2726201275824908,0.12065262055086717,0.6067272518666421,-0.4000000000005998
1.0,1.0,14.0,-4.0,2.0,1.0,2.0,3.0,0.7200149,2.0,6.0,3.0,Sub106,-0.4996759268497608,1.0,-0.9999999999999999,-0.4000000000005998,0.2726201275824908,0.12065262055086717,0.6067272518666421,-0.4000000000005998
1.0,1.0,15.0,4.0,2.0,1.0,0.0,2.0,0.7024243,6.0,2.0,3.0,Sub106,-0.3711323376861704,1.0,-0.9999999999999999,0.39999999999859975,0.6899526287814013,3.167123755337675e-05,0.3100156999810452,0.39999999999859975
1.0,1.0,16.0,4.0,2.0,1.0,0.0,1.0,0.7574794,6.0,2.0,3.0,Sub106,-0.3711323376861704,1.0,-0.9999999999999999,0.39999999999859975,0.6899526287814013,3.167123755337675e-05,0.3100156999810452,0.39999999999859975
1.0,1.0,17.0,4.0,6.0,1.0,0.0,2.0,0.7230421,4.0,0.0,3.0,Sub106,-0.3711323376861704,1.0,-0.9999999999999999,0.39999999999859975,0.6899526287814013,3.167123755337675e-05,0.3100156999810452,0.39999999999859975
1.0,1.0,18.0,2.0,4.0,1.0,0.0,1.0,0.8515201,4.0,2.0,3.0,Sub106,-0.5360274576346118,1.0,-0.9999999999999999,0.19999999999879986,0.585067848790942,0.022749443872678576,0.3921827073363795,0.19999999999879986
1.0,1.0,19.0,-2.0,4.0,1.0,2.0,3.0,0.9854793,2.0,4.0,3.0,Sub106,-1.998182521041368,1.0,-0.9999999999999999,-0.20000000000079982,0.09088298118178693,0.7735355428957125,0.13558147592250058,-0.20000000000079982
1.0,1.0,20.0,3.0,7.0,1.0,0.0,2.0,0.7991373,3.0,0.0,3.0,Sub106,-0.4388387576488356,1.0,-0.9999999999999999,0.29999999999870003,0.6447847378544684,0.0013498952343488635,0.35386536691118264,0.29999999999870003
1.0,4.0,61.0,-1.0,3.0,1.0,1.0,3.0,0.8795529,3.0,4.0,3.0,Sub106,-0.213685904574934,1.0,-0.9999999999999999,-0.10000000000089976,0.08661103440524755,0.8076020092848768,0.10578695630987565,-0.10000000000089976
1.0,4.0,62.0,3.0,1.0,1.0,0.0,2.0,0.7086105,6.0,3.0,3.0,Sub106,-0.4388387576488356,1.0,-0.9999999999999999,0.29999999999870003,0.6447847378544684,0.0013498952343488635,0.35386536691118264,0.29999999999870003
1.0,4.0,63.0,-1.0,1.0,1.0,1.0,3.0,0.7472829,4.0,5.0,3.0,Sub106,-0.213685904574934,1.0,-0.9999999999999999,-0.10000000000089976,0.08661103440524755,0.8076020092848768,0.10578695630987565,-0.10000000000089976
1.0,4.0,64.0,4.0,2.0,1.0,0.0,2.0,0.7363836,6.0,2.0,3.0,Sub106,-0.3711323376861704,1.0,-0.9999999999999999,0.39999999999859975,0.6899526287814013,3.167123755337675e-05,0.3100156999810452,0.39999999999859975
1.0,4.0,65.0,3.0,5.0,1.0,0.0,2.0,0.9076668,4.0,1.0,3.0,Sub106,-0.4388387576488356,1.0,-0.9999999999999999,0.29999999999870003,0.6447847378544684,0.0013498952343488635,0.35386536691118264,0.29999999999870003
1.0,4.0,66.0,-4.0,4.0,1.0,2.0,3.0,0.7435588,1.0,5.0,3.0,Sub106,-0.4996759268497608,1.0,-0.9999999999999999,-0.4000000000005998,0.2726201275824908,0.12065262055086717,0.6067272518666421,-0.4000000000005998
1.0,4.0,67.0,-3.0,3.0,1.0,2.0,3.0,0.9382186,2.0,5.0,3.0,Sub106,-1.000549011949832,1.0,-0.9999999999999999,-0.3000000000007,0.20178570481441827,0.43053676879255554,0.3676775263930262,-0.3000000000007
1.0,4.0,68.0,-3.0,3.0,1.0,2.0,3.0,0.92456,2.0,5.0,3.0,Sub106,-1.000549011949832,1.0,-0.9999999999999999,-0.3000000000007,0.20178570481441827,0.43053676879255554,0.3676775263930262,-0.3000000000007
1.0,4.0,69.0,1.0,9.0,1.0,1.0,1.0,0.9537916,1.0,0.0,3.0,Sub106,-1.8414281584988599,1.0,-0.9999999999999999,0.09999999999890014,0.46263539946103255,0.15859077153690798,0.3787738290020595,0.09999999999890014
1.0,4.0,70.0,1.0,9.0,1.0,0.0,1.0,1.026073,1.0,0.0,3.0,Sub106,-0.7708160092806303,1.0,-0.9999999999999999,0.09999999999890014,0.46263539946103255,0.15859077153690798,0.3787738290020595,0.09999999999890014
1.0,4.0,71.0,4.0,2.0,1.0,0.0,1.0,0.9576047,6.0,2.0,3.0,Sub106,-0.3711323376861704,1.0,-0.9999999999999999,0.39999999999859975,0.6899526287814013,3.167123755337675e-05,0.3100156999810452,0.39999999999859975
1.0,4.0,72.0,-3.0,5.0,1.0,2.0,3.0,1.025494,1.0,4.0,3.0,Sub106,-1.000549011949832,1.0,-0.9999999999999999,-0.3000000000007,0.20178570481441827,0.43053676879255554,0.3676775263930262,-0.3000000000007
1.0,4.0,73.0,2.0,6.0,1.0,1.0,2.0,1.034339,3.0,1.0,3.0,Sub106,-3.783214578996994,1.0,-0.9999999999999999,0.19999999999879986,0.585067848790942,0.022749443872678576,0.3921827073363795,0.19999999999879986
1.0,4.0,74.0,-2.0,4.0,1.0,2.0,3.0,1.029912,2.0,4.0,3.0,Sub106,-1.998182521041368,1.0,-0.9999999999999999,-0.20000000000079982,0.09088298118178693,0.7735355428957125,0.13558147592250058,-0.20000000000079982
1.0,4.0,75.0,3.0,7.0,1.0,0.0,2.0,0.9788966,3.0,0.0,3.0,Sub106,-0.4388387576488356,1.0,-0.9999999999999999,0.29999999999870003,0.6447847378544684,0.0013498952343488635,0.35386536691118264,0.29999999999870003
1.0,4.0,76.0,2.0,6.0,1.0,0.0,2.0,1.233326,3.0,1.0,3.0,Sub106,-0.5360274576346118,1.0,-0.9999999999999999,0.19999999999879986,0.585067848790942,0.022749443872678576,0.3921827073363795,0.19999999999879986
1.0,4.0,77.0,-4.0,4.0,1.0,2.0,3.0,1.123508,1.0,5.0,3.0,Sub106,-0.4996759268497608,1.0,-0.9999999999999999,-0.4000000000005998,0.2726201275824908,0.12065262055086717,0.6067272518666421,-0.4000000000005998
1.0,4.0,78.0,2.0,8.0,1.0,1.0,2.0,1.308396,2.0,0.0,3.0,Sub106,-3.783214578996994,1.0,-0.9999999999999999,0.19999999999879986,0.585067848790942,0.022749443872678576,0.3921827073363795,0.19999999999879986
1.0,4.0,79.0,-2.0,6.0,1.0,2.0,3.0,1.094646,1.0,3.0,3.0,Sub106,-1.998182521041368,1.0,-0.9999999999999999,-0.20000000000079982,0.09088298118178693,0.7735355428957125,0.13558147592250058,-0.20000000000079982
1.0,4.0,80.0,4.0,4.0,1.0,0.0,2.0,0.8772631,5.0,1.0,3.0,Sub106,-0.3711323376861704,1.0,-0.9999999999999999,0.39999999999859975,0.6899526287814013,3.167123755337675e-05,0.3100156999810452,0.39999999999859975
,,,,,,,,,,,,,,,,,,,,
,,,,,,,,,,,,,,,,,,,,
,,,,,,,,,,,,,,,,,,,,
,,,,,,,,,,,,,,,,,,,,
,,,,,,,,,,,,,,,,,,,,
,,,,,,,,,,,,,,,,,,,,
,,,,,,,,,,,,,,,,,,,,
,,,,,,,,,,,,,,,,,,,,
,,,,,,,,,,,,,,,,,,,,
,,,,,,,,,,,,,,,,,,,,
,,,,,,,,,,,,,,,,,,,,
,,,,,,,,,,,,,,,,,,,,
,,,,,,,,,,,,,,,,,,,,
,,,,,,,,,,,,,,,,,,,,
,,,,,,,,,,,,,,,,,,,,
,,,,,,,,,,,,,,,,,,,,
,,,,,,,,,,,,,,,,,,,,
,,,,,,,,,,,,,,,,,,,,
,,,,,,,,,,,,,,,,,,,,
,,,,,,,,,,,,,,,,,,,,
1.0,2.0,21.0,-1.0,5.0,1.0,1.0,3.0,0.7960426,2.0,3.0,4.0,Sub106,-0.213685904574934,1.0,-0.9999999999999999,-0.10000000000089976,0.08661103440524755,0.8076020092848768,0.10578695630987565,-0.10000000000089976
1.0,2.0,22.0,-1.0,5.0,1.0,1.0,3.0,0.7385843,2.0,3.0,4.0,Sub106,-0.213685904574934,1.0,-0.9999999999999999,-0.10000000000089976,0.08661103440524755,0.8076020092848768,0.10578695630987565,-0.10000000000089976
1.0,2.0,23.0,-3.0,5.0,1.0,2.0,3.0,1.10174,1.0,4.0,4.0,Sub106,-1.000549011949832,1.0,-0.9999999999999999,-0.3000000000007,0.20178570481441827,0.43053676879255554,0.3676775263930262,-0.3000000000007
1.0,2.0,24.0,4.0,2.0,1.0,0.0,2.0,0.7153682,6.0,2.0,4.0,Sub106,-0.3711323376861704,1.0,-0.9999999999999999,0.39999999999859975,0.6899526287814013,3.167123755337675e-05,0.3100156999810452,0.39999999999859975
1.0,2.0,25.0,4.0,6.0,1.0,0.0,2.0,0.9573379,4.0,0.0,4.0,Sub106,-0.3711323376861704,1.0,-0.9999999999999999,0.39999999999859975,0.6899526287814013,3.167123755337675e-05,0.3100156999810452,0.39999999999859975
1.0,2.0,26.0,1.0,7.0,1.0,2.0,3.0,0.6706026,2.0,1.0,4.0,Sub106,-0.9708160092780518,1.0,-0.9999999999999999,0.09999999999890014,0.46263539946103255,0.15859077153690798,0.3787738290020595,0.09999999999890014
1.0,2.0,27.0,-1.0,5.0,1.0,1.0,3.0,0.8344616,2.0,3.0,4.0,Sub106,-0.213685904574934,1.0,-0.9999999999999999,-0.10000000000089976,0.08661103440524755,0.8076020092848768,0.10578695630987565,-0.10000000000089976
1.0,2.0,28.0,4.0,2.0,1.0,0.0,2.0,0.7431677,6.0,2.0,4.0,Sub106,-0.3711323376861704,1.0,-0.9999999999999999,0.39999999999859975,0.6899526287814013,3.167123755337675e-05,0.3100156999810452,0.39999999999859975
1.0,2.0,29.0,-2.0,2.0,1.0,2.0,3.0,0.8263102,3.0,5.0,4.0,Sub106,-1.998182521041368,1.0,-0.9999999999999999,-0.20000000000079982,0.09088298118178693,0.7735355428957125,0.13558147592250058,-0.20000000000079982
1.0,2.0,30.0,3.0,1.0,1.0,0.0,1.0,0.6534177,6.0,3.0,4.0,Sub106,-0.4388387576488356,1.0,-0.9999999999999999,0.29999999999870003,0.6447847378544684,0.0013498952343488635,0.35386536691118264,0.29999999999870003
1.0,2.0,31.0,-4.0,4.0,1.0,2.0,3.0,0.7394189,1.0,5.0,4.0,Sub106,-0.4996759268497608,1.0,-0.9999999999999999,-0.4000000000005998,0.2726201275824908,0.12065262055086717,0.6067272518666421,-0.4000000000005998
1.0,2.0,32.0,3.0,1.0,1.0,0.0,1.0,0.8260353,6.0,3.0,4.0,Sub106,-0.4388387576488356,1.0,-0.9999999999999999,0.29999999999870003,0.6447847378544684,0.0013498952343488635,0.35386536691118264,0.29999999999870003
1.0,2.0,33.0,2.0,8.0,1.0,1.0,2.0,0.814438,2.0,0.0,4.0,Sub106,-3.783214578996994,1.0,-0.9999999999999999,0.19999999999879986,0.585067848790942,0.022749443872678576,0.3921827073363795,0.19999999999879986
1.0,2.0,34.0,-3.0,5.0,1.0,2.0,3.0,0.7101371,1.0,4.0,4.0,Sub106,-1.000549011949832,1.0,-0.9999999999999999,-0.3000000000007,0.20178570481441827,0.43053676879255554,0.3676775263930262,-0.3000000000007
1.0,2.0,35.0,4.0,4.0,1.0,0.0,2.0,0.7232873,5.0,1.0,4.0,Sub106,-0.3711323376861704,1.0,-0.9999999999999999,0.39999999999859975,0.6899526287814013,3.167123755337675e-05,0.3100156999810452,0.39999999999859975
1.0,2.0,36.0,2.0,8.0,1.0,1.0,1.0,1.102959,2.0,0.0,4.0,Sub106,-3.783214578996994,1.0,-0.9999999999999999,0.19999999999879986,0.585067848790942,0.022749443872678576,0.3921827073363795,0.19999999999879986
1.0,2.0,37.0,-4.0,2.0,1.0,2.0,3.0,0.9328929,2.0,6.0,4.0,Sub106,-0.4996759268497608,1.0,-0.9999999999999999,-0.4000000000005998,0.2726201275824908,0.12065262055086717,0.6067272518666421,-0.4000000000005998
1.0,2.0,38.0,1.0,3.0,1.0,0.0,2.0,0.9923126,4.0,3.0,4.0,Sub106,-0.7708160092806303,1.0,-0.9999999999999999,0.09999999999890014,0.46263539946103255,0.15859077153690798,0.3787738290020595,0.09999999999890014
1.0,2.0,39.0,4.0,4.0,1.0,0.0,1.0,1.054354,5.0,1.0,4.0,Sub106,-0.3711323376861704,1.0,-0.9999999999999999,0.39999999999859975,0.6899526287814013,3.167123755337675e-05,0.3100156999810452,0.39999999999859975
1.0,2.0,40.0,4.0,2.0,1.0,0.0,2.0,0.8238178,6.0,2.0,4.0,Sub106,-0.3711323376861704,1.0,-0.9999999999999999,0.39999999999859975,0.6899526287814013,3.167123755337675e-05,0.3100156999810452,0.39999999999859975
1.0,3.0,41.0,-3.0,1.0,1.0,2.0,3.0,0.6617879,3.0,6.0,4.0,Sub106,-1.000549011949832,1.0,-0.9999999999999999,-0.3000000000007,0.20178570481441827,0.43053676879255554,0.3676775263930262,-0.3000000000007
1.0,3.0,42.0,-1.0,7.0,1.0,2.0,3.0,1.011592,1.0,2.0,4.0,Sub106,-2.2463280534449366,1.0,-0.9999999999999999,-0.10000000000089976,0.08661103440524755,0.8076020092848768,0.10578695630987565,-0.10000000000089976
1.0,3.0,43.0,-3.0,5.0,1.0,2.0,3.0,0.8587818,1.0,4.0,4.0,Sub106,-1.000549011949832,1.0,-0.9999999999999999,-0.3000000000007,0.20178570481441827,0.43053676879255554,0.3676775263930262,-0.3000000000007
1.0,3.0,44.0,2.0,2.0,1.0,0.0,2.0,0.8226148,5.0,3.0,4.0,Sub106,-0.5360274576346118,1.0,-0.9999999999999999,0.19999999999879986,0.585067848790942,0.022749443872678576,0.3921827073363795,0.19999999999879986
1.0,3.0,45.0,2.0,4.0,1.0,0.0,2.0,0.8775402,4.0,2.0,4.0,Sub106,-0.5360274576346118,1.0,-0.9999999999999999,0.19999999999879986,0.585067848790942,0.022749443872678576,0.3921827073363795,0.19999999999879986
1.0,3.0,46.0,-3.0,1.0,1.0,2.0,3.0,0.655901,3.0,6.0,4.0,Sub106,-1.000549011949832,1.0,-0.9999999999999999,-0.3000000000007,0.20178570481441827,0.43053676879255554,0.3676775263930262,-0.3000000000007
1.0,3.0,47.0,-2.0,4.0,1.0,2.0,3.0,0.9816175,2.0,4.0,4.0,Sub106,-1.998182521041368,1.0,-0.9999999999999999,-0.20000000000079982,0.09088298118178693,0.7735355428957125,0.13558147592250058,-0.20000000000079982
1.0,3.0,48.0,-4.0,4.0,1.0,2.0,3.0,0.8264442,1.0,5.0,4.0,Sub106,-0.4996759268497608,1.0,-0.9999999999999999,-0.4000000000005998,0.2726201275824908,0.12065262055086717,0.6067272518666421,-0.4000000000005998
1.0,3.0,49.0,1.0,9.0,1.0,1.0,1.0,0.8604401,1.0,0.0,4.0,Sub106,-1.8414281584988599,1.0,-0.9999999999999999,0.09999999999890014,0.46263539946103255,0.15859077153690798,0.3787738290020595,0.09999999999890014
1.0,3.0,50.0,2.0,6.0,1.0,0.0,2.0,0.8154136,3.0,1.0,4.0,Sub106,-0.5360274576346118,1.0,-0.9999999999999999,0.19999999999879986,0.585067848790942,0.022749443872678576,0.3921827073363795,0.19999999999879986
1.0,3.0,51.0,2.0,4.0,1.0,0.0,2.0,0.9070678,4.0,2.0,4.0,Sub106,-0.5360274576346118,1.0,-0.9999999999999999,0.19999999999879986,0.585067848790942,0.022749443872678576,0.3921827073363795,0.19999999999879986
1.0,3.0,52.0,2.0,6.0,1.0,0.0,2.0,0.8228909,3.0,1.0,4.0,Sub106,-0.5360274576346118,1.0,-0.9999999999999999,0.19999999999879986,0.585067848790942,0.022749443872678576,0.3921827073363795,0.19999999999879986
1.0,3.0,53.0,-1.0,7.0,1.0,2.0,3.0,0.9774705,1.0,2.0,4.0,Sub106,-2.2463280534449366,1.0,-0.9999999999999999,-0.10000000000089976,0.08661103440524755,0.8076020092848768,0.10578695630987565,-0.10000000000089976
1.0,3.0,54.0,-1.0,3.0,1.0,2.0,3.0,0.9030677,3.0,4.0,4.0,Sub106,-2.2463280534449366,1.0,-0.9999999999999999,-0.10000000000089976,0.08661103440524755,0.8076020092848768,0.10578695630987565,-0.10000000000089976
1.0,3.0,55.0,-3.0,5.0,1.0,2.0,3.0,1.118414,1.0,4.0,4.0,Sub106,-1.000549011949832,1.0,-0.9999999999999999,-0.3000000000007,0.20178570481441827,0.43053676879255554,0.3676775263930262,-0.3000000000007
1.0,3.0,56.0,-3.0,3.0,1.0,2.0,3.0,0.9154174,2.0,5.0,4.0,Sub106,-1.000549011949832,1.0,-0.9999999999999999,-0.3000000000007,0.20178570481441827,0.43053676879255554,0.3676775263930262,-0.3000000000007
1.0,3.0,57.0,-4.0,4.0,1.0,2.0,3.0,0.7923974,1.0,5.0,4.0,Sub106,-0.4996759268497608,1.0,-0.9999999999999999,-0.4000000000005998,0.2726201275824908,0.12065262055086717,0.6067272518666421,-0.4000000000005998
1.0,3.0,58.0,-2.0,4.0,1.0,2.0,3.0,0.7465088,2.0,4.0,4.0,Sub106,-1.998182521041368,1.0,-0.9999999999999999,-0.20000000000079982,0.09088298118178693,0.7735355428957125,0.13558147592250058,-0.20000000000079982
1.0,3.0,59.0,-2.0,2.0,1.0,2.0,3.0,1.215867,3.0,5.0,4.0,Sub106,-1.998182521041368,1.0,-0.9999999999999999,-0.20000000000079982,0.09088298118178693,0.7735355428957125,0.13558147592250058,-0.20000000000079982
1.0,3.0,60.0,-4.0,4.0,1.0,2.0,3.0,0.9465801,1.0,5.0,4.0,Sub106,-0.4996759268497608,1.0,-0.9999999999999999,-0.4000000000005998,0.2726201275824908,0.12065262055086717,0.6067272518666421,-0.4000000000005998
,,,,,,,,,,,,,,,,,,,,
,,,,,,,,,,,,,,,,,,,,
,,,,,,,,,,,,,,,,,,,,
,,,,,,,,,,,,,,,,,,,,
,,,,,,,,,,,,,,,,,,,,
,,,,,,,,,,,,,,,,,,,,
,,,,,,,,,,,,,,,,,,,,
,,,,,,,,,,,,,,,,,,,,
,,,,,,,,,,,,,,,,,,,,
,,,,,,,,,,,,,,,,,,,,
,,,,,,,,,,,,,,,,,,,,
,,,,,,,,,,,,,,,,,,,,
,,,,,,,,,,,,,,,,,,,,
,,,,,,,,,,,,,,,,,,,,
,,,,,,,,,,,,,,,,,,,,
,,,,,,,,,,,,,,,,,,,,
,,,,,,,,,,,,,,,,,,,,
,,,,,,,,,,,,,,,,,,,,
,,,,,,,,,,,,,,,,,,,,
,,,,,,,,,,,,,,,,,,,,
